Datenreihe;Verbrauch (Strom) - E001001_0_000000000000000;Verbrauch (Strom) - E001002_0_000000000000000
27.11.2018 07:00;2,224;0
27.11.2018 08:00;4,563;0
27.11.2018 09:00;5,221;0
27.11.2018 10:00;4,891;0
27.11.2018 11:00;4,82;0
27.11.2018 12:00;4,205;0
27.11.2018 13:00;3,675;0
27.11.2018 14:00;4,991;0
27.11.2018 15:00;3,759;0
27.11.2018 16:00;4,523;0
27.11.2018 17:00;4,492;0
27.11.2018 18:00;4,484;0
27.11.2018 19:00;4,668;0
27.11.2018 20:00;4,288;0
27.11.2018 21:00;4,214;0
27.11.2018 22:00;3,958;0
27.11.2018 23:00;2,413;0
28.11.2018 00:00;1,716;0
28.11.2018 01:00;1,643;0
28.11.2018 02:00;1,576;0
28.11.2018 03:00;1,536;0
28.11.2018 04:00;1,619;0
28.11.2018 05:00;1,654;0
28.11.2018 06:00;1,616;0
28.11.2018 07:00;2,102;0
28.11.2018 08:00;6,553;0
28.11.2018 09:00;5,971;0
28.11.2018 10:00;5,055;0
28.11.2018 11:00;4,508;0
28.11.2018 12:00;3,85;0
28.11.2018 13:00;5,365;0
28.11.2018 14:00;2,662;0
28.11.2018 15:00;2,881;0
28.11.2018 16:00;4,434;0
28.11.2018 17:00;4,422;0
28.11.2018 18:00;3,954;0
28.11.2018 19:00;4,854;0
28.11.2018 20:00;5,816;0
28.11.2018 21:00;5,486;0
28.11.2018 22:00;4,736;0
28.11.2018 23:00;2,313;0
29.11.2018 00:00;1,986;0
29.11.2018 01:00;1,74;0
29.11.2018 02:00;1,731;0
29.11.2018 03:00;1,719;0
29.11.2018 04:00;1,748;0
29.11.2018 05:00;1,699;0
29.11.2018 06:00;1,725;0
29.11.2018 07:00;2,226;0
29.11.2018 08:00;4,764;0
29.11.2018 09:00;4,371;0
29.11.2018 10:00;11,719;0
29.11.2018 11:00;12,752;0
29.11.2018 12:00;11,379;0
29.11.2018 13:00;10,095;0
29.11.2018 14:00;12,552;0
29.11.2018 15:00;13,942;0
29.11.2018 16:00;14,433;0
29.11.2018 17:00;14,008;0
29.11.2018 18:00;14,831;0
29.11.2018 19:00;12,947;0
29.11.2018 20:00;4,951;0
29.11.2018 21:00;6,435;0
29.11.2018 22:00;6,019;0
29.11.2018 23:00;3,688;0
30.11.2018 00:00;3,644;0
30.11.2018 01:00;3,123;0
30.11.2018 02:00;2,583;3,514
30.11.2018 03:00;2,111;3,413
30.11.2018 04:00;2,189;3,451
30.11.2018 05:00;2,216;3,413
30.11.2018 06:00;2,189;3,788
30.11.2018 07:00;2,531;5,326
30.11.2018 08:00;4,724;3,876
30.11.2018 09:00;3,749;4,039
30.11.2018 10:00;5,252;6,44
30.11.2018 11:00;7,343;16,314
30.11.2018 12:00;7,711;23,064
30.11.2018 13:00;6,146;14,79
30.11.2018 14:00;3,3;8,714
30.11.2018 15:00;4,497;6,84
30.11.2018 16:00;6,677;7,002
30.11.2018 17:00;4,307;16,84
30.11.2018 18:00;4,281;18,576
30.11.2018 19:00;4,106;9,126
30.11.2018 20:00;3,383;5,089
30.11.2018 21:00;4,549;6,914
30.11.2018 22:00;4,703;4,338
30.11.2018 23:00;2,964;5,151
01.12.2018 00:00;2,198;4,426
01.12.2018 01:00;1,801;3,988
01.12.2018 02:00;1,794;3,526
01.12.2018 03:00;1,758;3,451
01.12.2018 04:00;1,724;3,439
01.12.2018 05:00;1,703;3,889
01.12.2018 06:00;1,624;3,938
01.12.2018 07:00;2,364;5,751
01.12.2018 08:00;3,594;4,413
01.12.2018 09:00;3,619;5,476
01.12.2018 10:00;5,494;5,839
01.12.2018 11:00;7,17;8,427
01.12.2018 12:00;10,594;16,502
01.12.2018 13:00;8,307;17,327
01.12.2018 14:00;4,493;13,727
01.12.2018 15:00;5,653;11,714
01.12.2018 16:00;3,81;7,952
01.12.2018 17:00;5,215;22,101
01.12.2018 18:00;5,036;20,177
01.12.2018 19:00;5,806;6,314
01.12.2018 20:00;5,958;5,626
01.12.2018 21:00;6,246;6,701
01.12.2018 22:00;5,598;4,676
01.12.2018 23:00;3,839;4,25
02.12.2018 00:00;2,401;4,289
02.12.2018 01:00;2,131;4,426
02.12.2018 02:00;1,886;3,576
02.12.2018 03:00;1,814;3,601
02.12.2018 04:00;1,827;3,451
02.12.2018 05:00;1,806;3,426
02.12.2018 06:00;1,783;3,876
02.12.2018 07:00;2,498;5,776
02.12.2018 08:00;4,322;4,126
02.12.2018 09:00;3,423;5,513
02.12.2018 10:00;13,806;4,427
02.12.2018 11:00;22,154;6,226
02.12.2018 12:00;20,943;21,815
02.12.2018 13:00;19,179;17,99
02.12.2018 14:00;18,626;5,939
02.12.2018 15:00;18,977;6,026
02.12.2018 16:00;7,087;6,553
02.12.2018 17:00;5,324;5,251
02.12.2018 18:00;5,081;5,276
02.12.2018 19:00;5,855;5,926
02.12.2018 20:00;4,564;6,789
02.12.2018 21:00;6,061;7,738
02.12.2018 22:00;8,947;5,227
02.12.2018 23:00;16,867;5,313
03.12.2018 00:00;16,431;5,364
03.12.2018 01:00;4,896;4,626
03.12.2018 02:00;2,198;4,402
03.12.2018 03:00;2,256;4,352
03.12.2018 04:00;2,306;4,213
03.12.2018 05:00;2,248;4,451
03.12.2018 06:00;2,218;4,626
03.12.2018 07:00;2,808;6,189
03.12.2018 08:00;5,554;5,2
03.12.2018 09:00;4,808;6,426
03.12.2018 10:00;4,457;5,789
03.12.2018 11:00;7,025;6,627
03.12.2018 12:00;6,404;16,178
03.12.2018 13:00;3,535;14,902
03.12.2018 14:00;6,623;10,976
03.12.2018 15:00;4,329;8,289
03.12.2018 16:00;7,097;8,815
03.12.2018 17:00;5,528;7,364
03.12.2018 18:00;5,046;8,7
03.12.2018 19:00;6,481;7,25
03.12.2018 20:00;6,456;7,638
03.12.2018 21:00;4,74;10,651
03.12.2018 22:00;4,707;4,926
03.12.2018 23:00;2,691;4,952
04.12.2018 00:00;2,551;4,151
04.12.2018 01:00;2,458;4,076
04.12.2018 02:00;2,116;3,701
04.12.2018 03:00;1,876;3,614
04.12.2018 04:00;2,206;3,601
04.12.2018 05:00;1,915;3,577
04.12.2018 06:00;1,791;3,926
04.12.2018 07:00;2,416;6,014
04.12.2018 08:00;3,991;4,089
04.12.2018 09:00;3,831;5,125
04.12.2018 10:00;7,006;5,326
04.12.2018 11:00;9,928;18,188
04.12.2018 12:00;12,94;23,177
04.12.2018 13:00;15,082;22,577
04.12.2018 14:00;10,76;21,377
04.12.2018 15:00;13,424;16,526
04.12.2018 16:00;14,16;11,851
04.12.2018 17:00;9,163;4,902
04.12.2018 18:00;6,771;5,551
04.12.2018 19:00;5,294;5,464
04.12.2018 20:00;5,741;6,113
04.12.2018 21:00;6,148;7,626
04.12.2018 22:00;4,698;5,477
04.12.2018 23:00;2,964;4,75
05.12.2018 00:00;2,507;4,014
05.12.2018 01:00;2,256;3,776
05.12.2018 02:00;2,006;3,313
05.12.2018 03:00;2,046;3,327
05.12.2018 04:00;2,068;3,402
05.12.2018 05:00;1,974;3,402
05.12.2018 06:00;2;3,763
05.12.2018 07:00;2,61;5,439
05.12.2018 08:00;5,486;5,602
05.12.2018 09:00;4,636;5,427
05.12.2018 10:00;3,405;5,151
05.12.2018 11:00;4,112;16,254
05.12.2018 12:00;4,161;19,176
05.12.2018 13:00;5,019;13,277
05.12.2018 14:00;2,989;6,089
05.12.2018 15:00;5,662;6,428
05.12.2018 16:00;9,935;7,601
05.12.2018 17:00;10,631;12,477
05.12.2018 18:00;5,081;10,776
05.12.2018 19:00;5,061;4,501
05.12.2018 20:00;6,166;3,689
05.12.2018 21:00;6,788;3,714
05.12.2018 22:00;4,133;3,726
05.12.2018 23:00;3,157;3,739
06.12.2018 00:00;2,369;3,789
06.12.2018 01:00;2,098;3,939
06.12.2018 02:00;2,091;3,376
06.12.2018 03:00;2,054;9,914
06.12.2018 04:00;1,902;9,926
06.12.2018 05:00;1,843;5,889
06.12.2018 06:00;1,891;3,764
06.12.2018 07:00;2,529;6,027
06.12.2018 08:00;5,267;3,951
06.12.2018 09:00;5,783;4,376
06.12.2018 10:00;4,091;5,888
06.12.2018 11:00;4,227;19,352
06.12.2018 12:00;6,035;21,227
06.12.2018 13:00;5,063;6,29
06.12.2018 14:00;2,829;4,851
06.12.2018 15:00;4,12;6,353
06.12.2018 16:00;6,67;7,202
06.12.2018 17:00;10,157;6,328
06.12.2018 18:00;21,027;11,764
06.12.2018 19:00;22,381;11,051
06.12.2018 20:00;19,646;5,813
06.12.2018 21:00;19,33;7,152
06.12.2018 22:00;19,726;4,626
06.12.2018 23:00;18,546;4,201
07.12.2018 00:00;8,747;4,338
07.12.2018 01:00;2,504;5,314
07.12.2018 02:00;2,191;3,914
07.12.2018 03:00;2,198;3,676
07.12.2018 04:00;2,276;3,513
07.12.2018 05:00;2,246;3,452
07.12.2018 06:00;2,214;3,939
07.12.2018 07:00;2,88;6,302
07.12.2018 08:00;4,927;4,788
07.12.2018 09:00;4,946;7,388
07.12.2018 10:00;4,619;6,339
07.12.2018 11:00;4,472;6,727
07.12.2018 12:00;4,587;7,165
07.12.2018 13:00;4,537;6,939
07.12.2018 14:00;2,872;5,402
07.12.2018 15:00;4,48;4,69
07.12.2018 16:00;5,769;6,077
07.12.2018 17:00;6,504;4,701
07.12.2018 18:00;6,306;15,588
07.12.2018 19:00;4,326;21,439
07.12.2018 20:00;3,52;12,576
07.12.2018 21:00;3,789;14,701
07.12.2018 22:00;4,274;10,851
07.12.2018 23:00;2,848;4,226
08.12.2018 00:00;2,249;3,638
08.12.2018 01:00;2,049;3,477
08.12.2018 02:00;1,876;3,689
08.12.2018 03:00;1,861;3,414
08.12.2018 04:00;1,784;3,413
08.12.2018 05:00;1,8;3,55
08.12.2018 06:00;1,806;3,663
08.12.2018 07:00;2,261;5,689
08.12.2018 08:00;4,206;4,413
08.12.2018 09:00;4,421;6,001
08.12.2018 10:00;5,746;4,139
08.12.2018 11:00;6,656;14,628
08.12.2018 12:00;5,105;20,29
08.12.2018 13:00;6,871;14,928
08.12.2018 14:00;2,686;3,913
08.12.2018 15:00;5,039;5,176
08.12.2018 16:00;6,112;6,04
08.12.2018 17:00;4,272;5,265
08.12.2018 18:00;4,123;5,676
08.12.2018 19:00;3,57;3,801
08.12.2018 20:00;2,783;4,439
08.12.2018 21:00;3,946;6,3
08.12.2018 22:00;4,564;4,076
08.12.2018 23:00;3,229;4,288
09.12.2018 00:00;2,629;4,401
09.12.2018 01:00;2,079;3,764
09.12.2018 02:00;2,018;3,451
09.12.2018 03:00;1,967;3,463
09.12.2018 04:00;1,906;3,438
09.12.2018 05:00;1,696;3,376
09.12.2018 06:00;1,689;3,739
09.12.2018 07:00;2,249;5,163
09.12.2018 08:00;4,267;3,814
09.12.2018 09:00;3,218;5,289
09.12.2018 10:00;4,163;4,113
09.12.2018 11:00;6,075;4,315
09.12.2018 12:00;4,884;9,453
09.12.2018 13:00;2,294;11,565
09.12.2018 14:00;3,174;8,228
09.12.2018 15:00;3,788;6,714
09.12.2018 16:00;4,372;5,976
09.12.2018 17:00;4,398;4,152
09.12.2018 18:00;3,923;4,276
09.12.2018 19:00;3,421;4,164
09.12.2018 20:00;2,458;5,951
09.12.2018 21:00;3,671;7,964
09.12.2018 22:00;4,083;4,801
09.12.2018 23:00;2,921;4,427
10.12.2018 00:00;2,336;4,502
10.12.2018 01:00;1,943;3,813
10.12.2018 02:00;1,696;3,626
10.12.2018 03:00;1,661;3,501
10.12.2018 04:00;1,638;3,376
10.12.2018 05:00;1,701;3,689
10.12.2018 06:00;1,738;3,677
10.12.2018 07:00;2,236;4,851
10.12.2018 08:00;4,623;4,226
10.12.2018 09:00;4,984;5,588
10.12.2018 10:00;5,744;4,964
10.12.2018 11:00;5,117;6,452
10.12.2018 12:00;7,165;13,438
10.12.2018 13:00;4,358;6,564
10.12.2018 14:00;6,976;10,89
10.12.2018 15:00;5,712;7,902
10.12.2018 16:00;8,007;4,316
10.12.2018 17:00;5,333;6,515
10.12.2018 18:00;9,57;5,689
10.12.2018 19:00;19,571;5,613
10.12.2018 20:00;14,854;6,438
10.12.2018 21:00;4,459;7,913
10.12.2018 22:00;4,516;7,788
10.12.2018 23:00;4,495;5,751
11.12.2018 00:00;2,296;5,476
11.12.2018 01:00;2,133;4,739
11.12.2018 02:00;1,765;4,713
11.12.2018 03:00;1,761;4,502
11.12.2018 04:00;1,684;4,276
11.12.2018 05:00;1,685;4,226
11.12.2018 06:00;1,718;4,726
11.12.2018 07:00;2,449;4,2
11.12.2018 08:00;4,791;4,563
11.12.2018 09:00;4,788;17,102
11.12.2018 10:00;14,654;20,126
11.12.2018 11:00;17,524;15,763
11.12.2018 12:00;12,595;13,976
11.12.2018 13:00;12,259;15,827
11.12.2018 14:00;9,867;13,214
11.12.2018 15:00;12,376;12,301
11.12.2018 16:00;11,692;20,903
11.12.2018 17:00;19,534;21,177
11.12.2018 18:00;13,889;8,176
11.12.2018 19:00;8,806;6,101
11.12.2018 20:00;5,109;6,614
11.12.2018 21:00;4,431;6,838
11.12.2018 22:00;3,831;4,214
11.12.2018 23:00;3,018;5,738
12.12.2018 00:00;2,491;3,776
12.12.2018 01:00;1,723;3,289
12.12.2018 02:00;1,559;3,2
12.12.2018 03:00;1,626;3,163
12.12.2018 04:00;1,649;3,188
12.12.2018 05:00;1,628;3,089
12.12.2018 06:00;1,676;3,351
12.12.2018 07:00;2,456;4,427
12.12.2018 08:00;5,744;3,6
12.12.2018 09:00;4,452;6,976
12.12.2018 10:00;2,936;6,238
12.12.2018 11:00;3,412;6,477
12.12.2018 12:00;4,56;9,639
12.12.2018 13:00;5,098;8,452
12.12.2018 14:00;3,245;6,439
12.12.2018 15:00;6,065;7,89
12.12.2018 16:00;7,55;8,289
12.12.2018 17:00;8,183;13,654
12.12.2018 18:00;5,301;11,063
12.12.2018 19:00;6,006;5,726
12.12.2018 20:00;4,391;4,488
12.12.2018 21:00;4,894;5,713
12.12.2018 22:00;4,891;3,814
12.12.2018 23:00;2,931;4,688
13.12.2018 00:00;3,006;3,663
13.12.2018 01:00;3,521;2,601
13.12.2018 02:00;1,876;2,413
13.12.2018 03:00;1,574;2,226
13.12.2018 04:00;1,568;2,363
13.12.2018 05:00;1,588;2,489
13.12.2018 06:00;1,669;2,575
13.12.2018 07:00;2,387;3,514
13.12.2018 08:00;7,091;3,801
13.12.2018 09:00;8,378;7,826
13.12.2018 10:00;20,406;11,403
13.12.2018 11:00;23,29;19,677
13.12.2018 12:00;26,471;19,227
13.12.2018 13:00;21,219;11,739
13.12.2018 14:00;8,905;16,327
13.12.2018 15:00;11,377;18,651
13.12.2018 16:00;8,764;8,989
13.12.2018 17:00;5,519;5,589
13.12.2018 18:00;4,218;7,226
13.12.2018 19:00;7,526;5,339
13.12.2018 20:00;5,02;4,489
13.12.2018 21:00;4,245;4,814
13.12.2018 22:00;4,718;3,476
13.12.2018 23:00;3,071;3,338
14.12.2018 00:00;2,159;2,964
14.12.2018 01:00;1,899;2,951
14.12.2018 02:00;1,786;2,563
14.12.2018 03:00;1,808;2,439
14.12.2018 04:00;1,911;2,401
14.12.2018 05:00;1,976;2,525
14.12.2018 06:00;1,875;2,739
14.12.2018 07:00;2,549;3,576
14.12.2018 08:00;4,986;3,189
14.12.2018 09:00;4,864;4,389
14.12.2018 10:00;3,917;8,051
14.12.2018 11:00;3,347;22,315
14.12.2018 12:00;4,392;19,965
14.12.2018 13:00;4,379;6,49
14.12.2018 14:00;2,822;4,615
14.12.2018 15:00;3,942;6,577
14.12.2018 16:00;6,637;13,215
14.12.2018 17:00;5,557;11,339
14.12.2018 18:00;4,376;4,489
14.12.2018 19:00;4,326;6,414
14.12.2018 20:00;5,253;4,113
14.12.2018 21:00;4,411;5,326
14.12.2018 22:00;4,481;4,776
14.12.2018 23:00;2,896;5,639
15.12.2018 00:00;2,296;3,064
15.12.2018 01:00;1,889;2,389
15.12.2018 02:00;1,956;1,901
15.12.2018 03:00;1,972;1,827
15.12.2018 04:00;1,691;1,926
15.12.2018 05:00;1,621;2,039
15.12.2018 06:00;1,654;2,363
15.12.2018 07:00;2,256;3,401
15.12.2018 08:00;4,149;3,375
15.12.2018 09:00;3,831;5,3
15.12.2018 10:00;3,552;5,402
15.12.2018 11:00;7,899;5,316
15.12.2018 12:00;5,97;7,426
15.12.2018 13:00;3,81;6,601
15.12.2018 14:00;1,823;13,214
15.12.2018 15:00;2,828;19,715
15.12.2018 16:00;3,964;13,577
15.12.2018 17:00;4,055;12,327
15.12.2018 18:00;3,913;12,902
15.12.2018 19:00;3,626;3,626
15.12.2018 20:00;4,681;4,639
15.12.2018 21:00;6,416;4,513
15.12.2018 22:00;4,215;3,413
15.12.2018 23:00;2,864;3,513
16.12.2018 00:00;2,386;3,425
16.12.2018 01:00;1,989;2,463
16.12.2018 02:00;1,664;2,526
16.12.2018 03:00;1,638;2,326
16.12.2018 04:00;1,624;2,214
16.12.2018 05:00;1,583;2,613
16.12.2018 06:00;1,616;2,826
16.12.2018 07:00;2,248;3,939
16.12.2018 08:00;4,138;2,626
16.12.2018 09:00;2,904;3,989
16.12.2018 10:00;4,994;5,289
16.12.2018 11:00;19,04;5,702
16.12.2018 12:00;19,819;22,777
16.12.2018 13:00;17,787;18,077
16.12.2018 14:00;17,411;5,102
16.12.2018 15:00;18,848;3,791
16.12.2018 16:00;16,285;4,603
16.12.2018 17:00;4,177;7,564
16.12.2018 18:00;4,041;10,088
16.12.2018 19:00;4,187;7,551
16.12.2018 20:00;2,879;4,425
16.12.2018 21:00;4,383;4,913
16.12.2018 22:00;4,248;2,901
16.12.2018 23:00;2,518;3,076
17.12.2018 00:00;2,127;2,089
17.12.2018 01:00;2,018;1,951
17.12.2018 02:00;1,794;1,789
17.12.2018 03:00;1,817;2,001
17.12.2018 04:00;1,666;1,926
17.12.2018 05:00;1,738;2,077
17.12.2018 06:00;1,745;2,313
17.12.2018 07:00;2,458;3,301
17.12.2018 08:00;4,884;3,451
17.12.2018 09:00;4,131;5,8
17.12.2018 10:00;4,544;6,726
17.12.2018 11:00;4,597;5,465
17.12.2018 12:00;5,957;5,614
17.12.2018 13:00;3,654;5,527
17.12.2018 14:00;3,493;4,915
17.12.2018 15:00;5,637;5,514
17.12.2018 16:00;4,815;5,089
17.12.2018 17:00;4,663;17,564
17.12.2018 18:00;4,984;17,451
17.12.2018 19:00;6,274;8,688
17.12.2018 20:00;3,878;4,039
17.12.2018 21:00;4,331;5,089
17.12.2018 22:00;4,571;3,501
17.12.2018 23:00;4,321;3,226
18.12.2018 00:00;4,556;3,888
18.12.2018 01:00;3,504;3,776
18.12.2018 02:00;1,876;2,713
18.12.2018 03:00;1,923;2,438
18.12.2018 04:00;1,886;2,552
18.12.2018 05:00;1,888;2,551
18.12.2018 06:00;1,916;2,851
18.12.2018 07:00;2,556;4,038
18.12.2018 08:00;4,911;3,076
18.12.2018 09:00;3,913;4,714
18.12.2018 10:00;4,561;6,076
18.12.2018 11:00;7,221;11,326
18.12.2018 12:00;13,723;21,252
18.12.2018 13:00;12,3;19,501
18.12.2018 14:00;8,953;16,313
18.12.2018 15:00;10,724;7,977
18.12.2018 16:00;11,381;10,188
18.12.2018 17:00;5,875;19,739
18.12.2018 18:00;7,772;16,151
18.12.2018 19:00;5,916;3,402
18.12.2018 20:00;3,705;4,188
18.12.2018 21:00;4,433;5,326
18.12.2018 22:00;4,784;2,727
18.12.2018 23:00;3,408;2,863
19.12.2018 00:00;2,668;2,314
19.12.2018 01:00;2,294;2,213
19.12.2018 02:00;3,564;2,188
19.12.2018 03:00;2,034;1,976
19.12.2018 04:00;1,886;1,888
19.12.2018 05:00;1,914;1,777
19.12.2018 06:00;1,89;2,2
19.12.2018 07:00;2,544;3,626
19.12.2018 08:00;5,244;2,664
19.12.2018 09:00;3,878;5,776
19.12.2018 10:00;5,073;6,976
19.12.2018 11:00;4,164;6,903
19.12.2018 12:00;14,703;7,265
19.12.2018 13:00;17,213;7,965
19.12.2018 14:00;14,412;12,564
19.12.2018 15:00;4,36;8,302
19.12.2018 16:00;16,812;12,802
19.12.2018 17:00;18,304;13,565
19.12.2018 18:00;18,799;11,877
19.12.2018 19:00;21,616;19,376
19.12.2018 20:00;19,504;19,976
19.12.2018 21:00;18,226;6,351
19.12.2018 22:00;5,346;4,851
19.12.2018 23:00;3,743;3,963
20.12.2018 00:00;2,443;5,201
20.12.2018 01:00;2,604;6,1
20.12.2018 02:00;3,11;3,889
20.12.2018 03:00;3,293;2,414
20.12.2018 04:00;1,721;3,828
20.12.2018 05:00;1,668;3,519
20.12.2018 06:00;1,761;3,05
20.12.2018 07:00;2,369;4,597
20.12.2018 08:00;5,125;3,598
20.12.2018 09:00;4,446;5,884
20.12.2018 10:00;5,551;9,619
20.12.2018 11:00;5,424;17,101
20.12.2018 12:00;5,075;14,362
20.12.2018 13:00;5,904;8,92
20.12.2018 14:00;3,099;6,816
20.12.2018 15:00;6,557;6,969
20.12.2018 16:00;6,25;7,948
20.12.2018 17:00;5,893;11,723
20.12.2018 18:00;6,218;13,535
20.12.2018 19:00;7,702;9,307
20.12.2018 20:00;6,113;6,481
20.12.2018 21:00;4,441;6,209
20.12.2018 22:00;5,208;4,372
20.12.2018 23:00;3,558;4,056
21.12.2018 00:00;2,351;3,806
21.12.2018 01:00;1,931;3,977
21.12.2018 02:00;1,688;3,371
21.12.2018 03:00;1,748;3,197
21.12.2018 04:00;1,751;3,174
21.12.2018 05:00;1,739;3,169
21.12.2018 06:00;1,763;3,516
21.12.2018 07:00;2,408;5,044
21.12.2018 08:00;4,768;4,138
21.12.2018 09:00;3,409;5,34
21.12.2018 10:00;4,898;6,409
21.12.2018 11:00;3,959;10,341
21.12.2018 12:00;3,44;10,936
21.12.2018 13:00;4,465;5,109
21.12.2018 14:00;2,804;3,891
21.12.2018 15:00;4,074;4,234
21.12.2018 16:00;7,41;6,629
21.12.2018 17:00;5,513;12,742
21.12.2018 18:00;5,353;14,178
21.12.2018 19:00;5,278;10,303
21.12.2018 20:00;3,856;6,856
21.12.2018 21:00;4,689;8,428
21.12.2018 22:00;5,518;6,091
21.12.2018 23:00;2,851;4,966
22.12.2018 00:00;2,845;3,598
22.12.2018 01:00;2,373;3,156
22.12.2018 02:00;2,174;2,925
22.12.2018 03:00;1,921;2,856
22.12.2018 04:00;1,849;2,863
22.12.2018 05:00;1,799;3,115
22.12.2018 06:00;1,918;3,254
22.12.2018 07:00;2,426;4,759
22.12.2018 08:00;2,798;3,946
22.12.2018 09:00;2,563;5,661
22.12.2018 10:00;14,379;4,517
22.12.2018 11:00;21,248;6,53
22.12.2018 12:00;20,019;7,792
22.12.2018 13:00;18,756;8,632
22.12.2018 14:00;18,692;9,383
22.12.2018 15:00;20,557;9,526
22.12.2018 16:00;21,392;8,408
22.12.2018 17:00;19,802;11,779
22.12.2018 18:00;5,126;10,748
22.12.2018 19:00;4,639;4,353
22.12.2018 20:00;3,998;4,638
22.12.2018 21:00;5,87;5,641
22.12.2018 22:00;4,856;4,41
22.12.2018 23:00;3,467;3,916
23.12.2018 00:00;2,569;4,065
23.12.2018 01:00;2,251;3,337
23.12.2018 02:00;2,11;3,072
23.12.2018 03:00;2,088;3,004
23.12.2018 04:00;2,056;2,909
23.12.2018 05:00;2,011;2,987
23.12.2018 06:00;1,991;3,259
23.12.2018 07:00;2,591;4,8
23.12.2018 08:00;4,499;3,354
23.12.2018 09:00;3,776;4,71
23.12.2018 10:00;4,703;4,25
23.12.2018 11:00;4,629;5,122
23.12.2018 12:00;4,547;18,101
23.12.2018 13:00;2,534;17,901
23.12.2018 14:00;2,784;7,752
23.12.2018 15:00;5,152;3,682
23.12.2018 16:00;4,64;5,298
23.12.2018 17:00;4,546;5,598
23.12.2018 18:00;4,413;5,97
23.12.2018 19:00;3,701;5,231
23.12.2018 20:00;3,791;5,081
23.12.2018 21:00;5,176;6,815
23.12.2018 22:00;5,151;5,81
23.12.2018 23:00;3,124;5,775
24.12.2018 00:00;2,481;3,966
24.12.2018 01:00;2,038;3,313
24.12.2018 02:00;1,863;3,081
24.12.2018 03:00;1,826;3,06
24.12.2018 04:00;1,879;2,99
24.12.2018 05:00;1,874;3,241
24.12.2018 06:00;1,841;3,256
24.12.2018 07:00;2,386;4,734
24.12.2018 08:00;4,576;4,063
24.12.2018 09:00;3,761;6,191
24.12.2018 10:00;4,982;5,329
24.12.2018 11:00;8,717;5,343
24.12.2018 12:00;10,646;24,186
24.12.2018 13:00;12,888;18,824
24.12.2018 14:00;7,902;15,508
24.12.2018 15:00;6,375;12,474
24.12.2018 16:00;5,422;7,976
24.12.2018 17:00;5,85;11,942
24.12.2018 18:00;5,544;11,266
24.12.2018 19:00;4,251;6,912
24.12.2018 20:00;3,221;5,994
24.12.2018 21:00;3,806;7,956
24.12.2018 22:00;4,112;5,237
24.12.2018 23:00;2,624;4,841
25.12.2018 00:00;2,103;4,325
25.12.2018 01:00;1,979;3,912
25.12.2018 02:00;1,944;3,419
25.12.2018 03:00;1,936;3,242
25.12.2018 04:00;1,942;3,225
25.12.2018 05:00;1,818;3,178
25.12.2018 06:00;1,893;3,578
25.12.2018 07:00;2,509;4,707
25.12.2018 08:00;4,231;3,75
25.12.2018 09:00;3,634;8,274
25.12.2018 10:00;2,551;8,766
25.12.2018 11:00;4,554;6,523
25.12.2018 12:00;5,478;4,894
25.12.2018 13:00;3,624;8,399
25.12.2018 14:00;5,213;8,054
25.12.2018 15:00;4,626;6,245
25.12.2018 16:00;7,133;11,442
25.12.2018 17:00;4,458;16,495
25.12.2018 18:00;5,124;12,033
25.12.2018 19:00;7,201;5,063
25.12.2018 20:00;5,674;5,476
25.12.2018 21:00;5,954;6,729
25.12.2018 22:00;6,068;4,312
25.12.2018 23:00;4,359;4,942
26.12.2018 00:00;3,633;3,432
26.12.2018 01:00;2,224;3,157
26.12.2018 02:00;2,033;2,969
26.12.2018 03:00;2,004;2,847
26.12.2018 04:00;1,959;2,744
26.12.2018 05:00;1,957;2,722
26.12.2018 06:00;1,995;3,044
26.12.2018 07:00;2,614;4,432
26.12.2018 08:00;4,446;4,263
26.12.2018 09:00;3,066;5,829
26.12.2018 10:00;9,603;5,672
26.12.2018 11:00;20,954;8,629
26.12.2018 12:00;20,492;10,383
26.12.2018 13:00;16,3;5,614
26.12.2018 14:00;6,347;2,795
26.12.2018 15:00;3,929;6,108
26.12.2018 16:00;5,175;7,18
26.12.2018 17:00;4,97;10,738
26.12.2018 18:00;4,703;9,898
26.12.2018 19:00;4,586;8,428
26.12.2018 20:00;5,473;8,063
26.12.2018 21:00;5,134;6,65
26.12.2018 22:00;4,661;8,097
26.12.2018 23:00;3,029;6,7
27.12.2018 00:00;2,243;3,876
27.12.2018 01:00;1,858;3,878
27.12.2018 02:00;1,787;3,066
27.12.2018 03:00;1,837;4,24
27.12.2018 04:00;1,73;4,655
27.12.2018 05:00;1,729;3,669
27.12.2018 06:00;1,659;3,072
27.12.2018 07:00;2,013;4,705
27.12.2018 08:00;3,359;3,696
27.12.2018 09:00;10,491;5,49
27.12.2018 10:00;22,506;9,184
27.12.2018 11:00;26,639;19,408
27.12.2018 12:00;23,371;24,733
27.12.2018 13:00;21,307;18,412
27.12.2018 14:00;5,799;10,918
27.12.2018 15:00;4,86;9,406
27.12.2018 16:00;6,079;10,129
27.12.2018 17:00;5,959;13,845
27.12.2018 18:00;5,17;14,196
27.12.2018 19:00;5,938;8,667
27.12.2018 20:00;5,871;5,727
27.12.2018 21:00;5,846;6,253
27.12.2018 22:00;5,724;4,39
27.12.2018 23:00;3,486;4,018
28.12.2018 00:00;2,503;3,645
28.12.2018 01:00;2,452;3,662
28.12.2018 02:00;1,756;1,801
28.12.2018 03:00;1,785;1,814
28.12.2018 04:00;1,724;1,701
28.12.2018 05:00;1,709;1,639
28.12.2018 06:00;1,684;2,064
28.12.2018 07:00;2,346;2,501
28.12.2018 08:00;4,332;2,414
28.12.2018 09:00;3,221;4,726
28.12.2018 10:00;4,247;3,877
28.12.2018 11:00;8,4;13,301
28.12.2018 12:00;5,634;31,19
28.12.2018 13:00;13,143;15,94
28.12.2018 14:00;16,283;9,702
28.12.2018 15:00;17,617;6,816
28.12.2018 16:00;18,459;6,603
28.12.2018 17:00;18,485;7,79
28.12.2018 18:00;14,193;9,9
28.12.2018 19:00;4,083;6,214
28.12.2018 20:00;4,061;3,102
28.12.2018 21:00;4,523;3,201
28.12.2018 22:00;5,071;2,626
28.12.2018 23:00;3,547;3,101
29.12.2018 00:00;3,013;2,588
29.12.2018 01:00;3,124;2,513
29.12.2018 02:00;2,746;2,101
29.12.2018 03:00;2,508;1,788
29.12.2018 04:00;1,833;1,789
29.12.2018 05:00;1,819;1,976
29.12.2018 06:00;1,8;2,101
29.12.2018 07:00;2,343;2,351
29.12.2018 08:00;4,296;2,189
29.12.2018 09:00;3,386;5,401
29.12.2018 10:00;3,456;3,988
29.12.2018 11:00;6,727;16,352
29.12.2018 12:00;6,571;20,69
29.12.2018 13:00;3,945;16,554
29.12.2018 14:00;2,749;19,665
29.12.2018 15:00;3,342;28,639
29.12.2018 16:00;7,26;21,202
29.12.2018 17:00;5,058;13,477
29.12.2018 18:00;5,068;9,202
29.12.2018 19:00;4,535;7,839
29.12.2018 20:00;3,726;5,776
29.12.2018 21:00;4,469;4,201
29.12.2018 22:00;6,469;3,714
29.12.2018 23:00;4,071;3,102
30.12.2018 00:00;2,478;2,926
30.12.2018 01:00;2,383;3,239
30.12.2018 02:00;2,018;3,264
30.12.2018 03:00;1,918;2,989
30.12.2018 04:00;1,962;2,889
30.12.2018 05:00;1,946;2,938
30.12.2018 06:00;1,98;3,276
30.12.2018 07:00;2,543;3,601
30.12.2018 08:00;4,412;3,551
30.12.2018 09:00;3,324;4,201
30.12.2018 10:00;4,124;5,377
30.12.2018 11:00;3,982;7,678
30.12.2018 12:00;5,262;11,115
30.12.2018 13:00;2,283;14,94
30.12.2018 14:00;4,166;11,953
30.12.2018 15:00;3,488;11,376
30.12.2018 16:00;5,294;10,715
30.12.2018 17:00;4,909;10,288
30.12.2018 18:00;5,249;8,364
30.12.2018 19:00;4,477;8,214
30.12.2018 20:00;4,606;5,426
30.12.2018 21:00;4,896;5,651
30.12.2018 22:00;5,493;6,226
30.12.2018 23:00;3,604;5,101
31.12.2018 00:00;2,835;4,952
31.12.2018 01:00;2,769;4,626
31.12.2018 02:00;2,12;3,676
31.12.2018 03:00;2,035;3,276
31.12.2018 04:00;2,056;2,938
31.12.2018 05:00;2,013;3,438
31.12.2018 06:00;2,031;3,189
31.12.2018 07:00;2,616;3,576
31.12.2018 08:00;4,643;3,651
31.12.2018 09:00;3,696;3,464
31.12.2018 10:00;5,194;9,651
31.12.2018 11:00;10,09;24,289
31.12.2018 12:00;5,874;23,127
31.12.2018 13:00;4,142;14,438
31.12.2018 14:00;2,807;28,401
31.12.2018 15:00;2,875;30,915
31.12.2018 16:00;12,674;11,453
31.12.2018 17:00;20,544;9,84
31.12.2018 18:00;15,361;17,54
31.12.2018 19:00;8,09;15,626
31.12.2018 20:00;8,947;9,963
31.12.2018 21:00;10,781;6,138
31.12.2018 22:00;7,478;4,25
31.12.2018 23:00;6,583;4,039
01.01.2019 00:00;5,59;3,914
01.01.2019 01:00;4,903;3,839
01.01.2019 02:00;4,496;3,926
01.01.2019 03:00;4,883;3,751
01.01.2019 04:00;4,215;3,214
01.01.2019 05:00;3,453;3,138
01.01.2019 06:00;3,443;3,714
01.01.2019 07:00;4,013;3,914
01.01.2019 08:00;5,808;2,963
01.01.2019 09:00;4,133;3,376
01.01.2019 10:00;4,616;4,888
01.01.2019 11:00;8,449;10,051
01.01.2019 12:00;21,348;9,776
01.01.2019 13:00;18,479;9,416
01.01.2019 14:00;16,897;9,089
01.01.2019 15:00;20,817;11,065
01.01.2019 16:00;21,711;12,364
01.01.2019 17:00;20,154;8,165
01.01.2019 18:00;19,302;7,002
01.01.2019 19:00;8,518;6,251
01.01.2019 20:00;4,824;5,039
01.01.2019 21:00;4,729;3,101
01.01.2019 22:00;4,748;3,738
01.01.2019 23:00;3,179;2,726
02.01.2019 00:00;2,461;2,488
02.01.2019 01:00;2,193;2,501
02.01.2019 02:00;1,883;2,413
02.01.2019 03:00;1,969;2,376
02.01.2019 04:00;2,011;2,413
02.01.2019 05:00;1,921;1,964
02.01.2019 06:00;1,896;2,251
02.01.2019 07:00;2,444;2,451
02.01.2019 08:00;7,011;2,002
02.01.2019 09:00;4,987;2,714
02.01.2019 10:00;3,459;11,238
02.01.2019 11:00;5,92;15,627
02.01.2019 12:00;9,979;27,94
02.01.2019 13:00;11,557;26,552
02.01.2019 14:00;10,667;27,651
02.01.2019 15:00;13,592;38,377
02.01.2019 16:00;18,491;24,001
02.01.2019 17:00;8,369;18,165
02.01.2019 18:00;4,311;12,452
02.01.2019 19:00;4,023;6,614
02.01.2019 20:00;3,816;6,888
02.01.2019 21:00;5,978;8,213
02.01.2019 22:00;5,843;5,138
02.01.2019 23:00;3,462;3,402
03.01.2019 00:00;2,449;3,051
03.01.2019 01:00;2,216;2,838
03.01.2019 02:00;2,023;5,714
03.01.2019 03:00;2,035;2,613
03.01.2019 04:00;1,938;2,414
03.01.2019 05:00;1,946;2,826
03.01.2019 06:00;2,081;2,576
03.01.2019 07:00;4,661;3,038
03.01.2019 08:00;5,308;2,838
03.01.2019 09:00;4,536;3,827
03.01.2019 10:00;5,136;2,913
03.01.2019 11:00;6,328;21,44
03.01.2019 12:00;4,706;25,001
03.01.2019 13:00;4,748;16,953
03.01.2019 14:00;3,342;8,688
03.01.2019 15:00;3,824;9,603
03.01.2019 16:00;7,339;10,49
03.01.2019 17:00;5,097;10,54
03.01.2019 18:00;8,662;17,613
03.01.2019 19:00;10,801;9,326
03.01.2019 20:00;6,127;10,639
03.01.2019 21:00;5,196;12,188
03.01.2019 22:00;5,373;10,727
03.01.2019 23:00;3,426;5,926
04.01.2019 00:00;2,891;4,564
04.01.2019 01:00;2,931;3,539
04.01.2019 02:00;1,739;3,001
04.01.2019 03:00;1,721;3,351
04.01.2019 04:00;1,658;3,176
04.01.2019 05:00;1,646;3,213
04.01.2019 06:00;1,769;3,438
04.01.2019 07:00;2,364;3,926
04.01.2019 08:00;3,806;4,788
04.01.2019 09:00;4,881;6,089
04.01.2019 10:00;4,542;3,563
04.01.2019 11:00;8,254;13,278
04.01.2019 12:00;7,931;16,215
04.01.2019 13:00;3,987;16,84
04.01.2019 14:00;3,878;18,689
04.01.2019 15:00;4,262;18,19
04.01.2019 16:00;5,17;18,876
04.01.2019 17:00;3,918;14,265
04.01.2019 18:00;3,409;21,326
04.01.2019 19:00;10,082;15,238
04.01.2019 20:00;20,821;12,326
04.01.2019 21:00;15,061;11,539
04.01.2019 22:00;5,544;10,239
04.01.2019 23:00;4,488;10,177
05.01.2019 00:00;2,411;9,927
05.01.2019 01:00;2,211;9,989
05.01.2019 02:00;2,076;4,939
05.01.2019 03:00;1,818;3,089
05.01.2019 04:00;1,831;3,052
05.01.2019 05:00;1,815;3,189
05.01.2019 06:00;1,804;3,339
05.01.2019 07:00;2,318;3,814
05.01.2019 08:00;4,504;3,489
05.01.2019 09:00;3,126;3,526
05.01.2019 10:00;3,288;3,463
05.01.2019 11:00;8,102;11,901
05.01.2019 12:00;7,12;13,426
05.01.2019 13:00;4,933;16,702
05.01.2019 14:00;2,94;15,328
05.01.2019 15:00;4,517;14,052
05.01.2019 16:00;6,614;18,041
05.01.2019 17:00;5,724;26,502
05.01.2019 18:00;4,584;19,939
05.01.2019 19:00;3,866;14,151
05.01.2019 20:00;3,429;12,289
05.01.2019 21:00;4,174;5,701
05.01.2019 22:00;3,752;5,175
05.01.2019 23:00;3,036;4,463
06.01.2019 00:00;2,744;4,852
06.01.2019 01:00;2,528;3,464
06.01.2019 02:00;2,296;3,438
06.01.2019 03:00;2,175;3,426
06.01.2019 04:00;2,029;3,164
06.01.2019 05:00;2,028;2,951
06.01.2019 06:00;2,021;3,026
06.01.2019 07:00;2,501;3,726
06.01.2019 08:00;4,253;3,138
06.01.2019 09:00;6,134;3,601
06.01.2019 10:00;3,247;3,563
06.01.2019 11:00;5,189;25,49
06.01.2019 12:00;5,107;24,677
06.01.2019 13:00;2,068;19,028
06.01.2019 14:00;2,248;16,903
06.01.2019 15:00;3,757;13,59
06.01.2019 16:00;4,887;10,14
06.01.2019 17:00;20,167;8,514
06.01.2019 18:00;20,454;6,877
06.01.2019 19:00;20,541;6,439
06.01.2019 20:00;19,801;5,488
06.01.2019 21:00;19,9;4,864
06.01.2019 22:00;20,618;4,238
06.01.2019 23:00;19,592;4,101
07.01.2019 00:00;6,503;3,676
07.01.2019 01:00;1,96;3,463
07.01.2019 02:00;1,866;3,264
07.01.2019 03:00;1,865;3,201
07.01.2019 04:00;1,949;3,15
07.01.2019 05:00;1,914;3,675
07.01.2019 06:00;1,886;3,476
07.01.2019 07:00;2,273;4,263
07.01.2019 08:00;5,841;3,689
07.01.2019 09:00;4,023;5,339
07.01.2019 10:00;5,034;9,35
07.01.2019 11:00;3,282;15,315
07.01.2019 12:00;3,52;20,69
07.01.2019 13:00;5,922;20,115
07.01.2019 14:00;4,666;19,139
07.01.2019 15:00;6,231;18,077
07.01.2019 16:00;3,577;15,452
07.01.2019 17:00;7,824;15,263
07.01.2019 18:00;5,484;7,951
07.01.2019 19:00;3,982;13,626
07.01.2019 20:00;7,996;5,838
07.01.2019 21:00;5,141;5,951
07.01.2019 22:00;3,965;5,35
07.01.2019 23:00;3,386;5,276
08.01.2019 00:00;2,783;4,675
08.01.2019 01:00;2,469;4,625
08.01.2019 02:00;2,124;4,789
08.01.2019 03:00;2,176;4,388
08.01.2019 04:00;2,119;4,463
08.01.2019 05:00;2,041;4,364
08.01.2019 06:00;1,976;4,801
08.01.2019 07:00;2,4;5,275
08.01.2019 08:00;5,591;5,427
08.01.2019 09:00;5,314;8,501
08.01.2019 10:00;2,861;7,626
08.01.2019 11:00;4,946;11,789
08.01.2019 12:00;7,387;18,265
08.01.2019 13:00;5,123;15,589
08.01.2019 14:00;5,334;11,528
08.01.2019 15:00;7,313;16,114
08.01.2019 16:00;9,839;11,728
08.01.2019 17:00;6,389;12,838
08.01.2019 18:00;5,721;24,201
08.01.2019 19:00;6,321;15,139
08.01.2019 20:00;4,43;11,601
08.01.2019 21:00;4,626;11,776
08.01.2019 22:00;4,583;10,702
08.01.2019 23:00;3,414;6,364
09.01.2019 00:00;2,461;5,714
09.01.2019 01:00;2,469;4,951
09.01.2019 02:00;1,758;4,463
09.01.2019 03:00;1,886;4,439
09.01.2019 04:00;1,813;4,402
09.01.2019 05:00;1,834;4,676
09.01.2019 06:00;1,764;4,738
09.01.2019 07:00;2,403;5,139
09.01.2019 08:00;8,316;4,663
09.01.2019 09:00;6,997;10,713
09.01.2019 10:00;5,462;14,502
09.01.2019 11:00;8,517;24,264
09.01.2019 12:00;5,644;42,402
09.01.2019 13:00;10,986;44,64
09.01.2019 14:00;5,282;31,565
09.01.2019 15:00;6,647;21,389
09.01.2019 16:00;22,665;27,027
09.01.2019 17:00;22,457;12,289
09.01.2019 18:00;21,15;7,127
09.01.2019 19:00;20,437;14,138
09.01.2019 20:00;4,883;11,151
09.01.2019 21:00;5,471;4,926
09.01.2019 22:00;7,042;6,013
09.01.2019 23:00;3,728;4,551
10.01.2019 00:00;2,189;4,101
10.01.2019 01:00;1,851;4,238
10.01.2019 02:00;1,843;3,652
10.01.2019 03:00;1,871;3,863
10.01.2019 04:00;1,812;3,563
10.01.2019 05:00;1,764;3,863
10.01.2019 06:00;1,806;4,101
10.01.2019 07:00;2,423;4,139
10.01.2019 08:00;5,261;3,739
10.01.2019 09:00;4,364;5,9
10.01.2019 10:00;5,26;7,527
10.01.2019 11:00;17,334;12,265
10.01.2019 12:00;18,53;20,14
10.01.2019 13:00;6,607;26,015
10.01.2019 14:00;3,298;11,214
10.01.2019 15:00;6,89;6,94
10.01.2019 16:00;8,834;18,278
10.01.2019 17:00;5,397;13,365
10.01.2019 18:00;8,101;6,728
10.01.2019 19:00;9,393;3,376
10.01.2019 20:00;5,184;3,926
10.01.2019 21:00;4,759;5,001
10.01.2019 22:00;4,759;3,889
10.01.2019 23:00;3,313;4,214
11.01.2019 00:00;2,412;2,288
11.01.2019 01:00;1,908;2,389
11.01.2019 02:00;1,848;2,401
11.01.2019 03:00;1,903;2,113
11.01.2019 04:00;1,88;2,326
11.01.2019 05:00;1,814;2,364
11.01.2019 06:00;1,859;2,513
11.01.2019 07:00;2,581;2,651
11.01.2019 08:00;5,071;2,9
11.01.2019 09:00;4,712;5,188
11.01.2019 10:00;3,859;5,039
11.01.2019 11:00;3,762;10,715
11.01.2019 12:00;4,225;19,352
11.01.2019 13:00;2,499;16,39
11.01.2019 14:00;2,664;7,352
11.01.2019 15:00;4,525;6,914
11.01.2019 16:00;6,296;7,026
11.01.2019 17:00;5,492;18,79
11.01.2019 18:00;4,605;17,052
11.01.2019 19:00;4,706;5,264
11.01.2019 20:00;3,636;6,138
11.01.2019 21:00;5,616;5,201
11.01.2019 22:00;4,179;3,726
11.01.2019 23:00;3,406;4,214
12.01.2019 00:00;2,829;2,951
12.01.2019 01:00;2,482;3,126
12.01.2019 02:00;2,516;2,914
12.01.2019 03:00;2,154;2,913
12.01.2019 04:00;2,227;2,963
12.01.2019 05:00;2,115;3,076
12.01.2019 06:00;1,991;2,938
12.01.2019 07:00;2,753;3,364
12.01.2019 08:00;4,591;3,602
12.01.2019 09:00;4,024;3,913
12.01.2019 10:00;4,995;3,85
12.01.2019 11:00;7,945;12,64
12.01.2019 12:00;5,27;20,089
12.01.2019 13:00;4,36;15,216
12.01.2019 14:00;3,075;6,439
12.01.2019 15:00;5,047;6,728
12.01.2019 16:00;5,582;6,239
12.01.2019 17:00;6,122;4,789
12.01.2019 18:00;5,096;4,339
12.01.2019 19:00;4,338;4,614
12.01.2019 20:00;4,235;4,188
12.01.2019 21:00;4,784;4,151
12.01.2019 22:00;5,269;3,526
12.01.2019 23:00;3,533;3,725
13.01.2019 00:00;2,656;3,414
13.01.2019 01:00;2,323;3,539
13.01.2019 02:00;2,223;2,952
13.01.2019 03:00;2,306;2,939
13.01.2019 04:00;2,313;3,101
13.01.2019 05:00;2,278;2,726
13.01.2019 06:00;2,239;2,989
13.01.2019 07:00;2,708;3,126
13.01.2019 08:00;4,561;2,776
13.01.2019 09:00;3,176;4,688
13.01.2019 10:00;5,58;3,788
13.01.2019 11:00;4,986;3,978
13.01.2019 12:00;4,492;4,789
13.01.2019 13:00;3,06;8,327
13.01.2019 14:00;3,447;6,639
13.01.2019 15:00;4,595;5,839
13.01.2019 16:00;5,117;4,764
13.01.2019 17:00;5,024;3,965
13.01.2019 18:00;4,936;3,864
13.01.2019 19:00;4,288;3,413
13.01.2019 20:00;3,812;10,126
13.01.2019 21:00;4,334;11,502
13.01.2019 22:00;4,771;6,751
13.01.2019 23:00;3,846;3,676
14.01.2019 00:00;2,796;2,888
14.01.2019 01:00;2,784;2,601
14.01.2019 02:00;2,235;2,101
14.01.2019 03:00;2,155;1,964
14.01.2019 04:00;2,071;2,013
14.01.2019 05:00;2,019;2,251
14.01.2019 06:00;2,11;1,938
14.01.2019 07:00;2,721;2,363
14.01.2019 08:00;5,204;2,938
14.01.2019 09:00;4,744;3,089
14.01.2019 10:00;5,377;3,301
14.01.2019 11:00;5,852;11,926
14.01.2019 12:00;7,887;26,315
14.01.2019 13:00;14,701;32,715
14.01.2019 14:00;11,529;14,852
14.01.2019 15:00;27,169;22,576
14.01.2019 16:00;17,84;11,415
14.01.2019 17:00;13,447;30,816
14.01.2019 18:00;20,097;25,701
14.01.2019 19:00;13,809;8,364
14.01.2019 20:00;5,486;4,576
14.01.2019 21:00;5,388;3,976
14.01.2019 22:00;6,971;3,564
14.01.2019 23:00;4,794;3,101
15.01.2019 00:00;3,083;4,114
15.01.2019 01:00;2,531;3,213
15.01.2019 02:00;2,111;2,325
15.01.2019 03:00;2,114;2,239
15.01.2019 04:00;1,998;2,201
15.01.2019 05:00;2,031;2,226
15.01.2019 06:00;1,988;2,676
15.01.2019 07:00;2,693;2,789
15.01.2019 08:00;9,093;3,476
15.01.2019 09:00;5,636;3,563
15.01.2019 10:00;3,409;6,389
15.01.2019 11:00;4,334;18,677
15.01.2019 12:00;4,331;17,377
15.01.2019 13:00;5,293;18,04
15.01.2019 14:00;2,941;19,838
15.01.2019 15:00;5,411;21,129
15.01.2019 16:00;5,6;15,088
15.01.2019 17:00;5,494;26,264
15.01.2019 18:00;8,1;16,464
15.01.2019 19:00;6,766;7,388
15.01.2019 20:00;4,611;5,189
15.01.2019 21:00;4,801;4,526
15.01.2019 22:00;5,371;3,613
15.01.2019 23:00;3,373;3,401
16.01.2019 00:00;2,6;3,764
16.01.2019 01:00;2,18;2,964
16.01.2019 02:00;2,078;2,664
16.01.2019 03:00;2,123;2,426
16.01.2019 04:00;2,083;2,389
16.01.2019 05:00;1,99;2,501
16.01.2019 06:00;2,111;2,738
16.01.2019 07:00;2,328;3,201
16.01.2019 08:00;8,151;2,976
16.01.2019 09:00;19,733;3,926
16.01.2019 10:00;18,867;5,776
16.01.2019 11:00;18,715;14,952
16.01.2019 12:00;19,38;18,814
16.01.2019 13:00;18,26;11,24
16.01.2019 14:00;18,012;10,077
16.01.2019 15:00;10,644;9,465
16.01.2019 16:00;6,492;9,678
16.01.2019 17:00;5,938;8,39
16.01.2019 18:00;6,041;7,202
16.01.2019 19:00;7,739;7,026
16.01.2019 20:00;7,061;5,363
16.01.2019 21:00;8,633;4,276
16.01.2019 22:00;6,182;5,239
16.01.2019 23:00;3,931;3,838
17.01.2019 00:00;2,694;3,089
17.01.2019 01:00;2,649;2,901
17.01.2019 02:00;2,488;2,713
17.01.2019 03:00;2,163;2,501
17.01.2019 04:00;2,033;2,1
17.01.2019 05:00;2,116;2,325
17.01.2019 06:00;2,391;2,213
17.01.2019 07:00;3,938;2,214
17.01.2019 08:00;5,201;2,714
17.01.2019 09:00;6,831;3,689
17.01.2019 10:00;10,169;6,252
17.01.2019 11:00;8,643;21,976
17.01.2019 12:00;6,509;26,065
17.01.2019 13:00;4,09;19,278
17.01.2019 14:00;5,121;7,627
17.01.2019 15:00;6,865;8,364
17.01.2019 16:00;6,197;8,389
17.01.2019 17:00;7,599;9,289
17.01.2019 18:00;6,262;6,427
17.01.2019 19:00;6,111;3,789
17.01.2019 20:00;6,563;4,164
17.01.2019 21:00;4,976;3,839
17.01.2019 22:00;5,783;2,913
17.01.2019 23:00;3,683;3,401
18.01.2019 00:00;2,319;1,926
18.01.2019 01:00;1,891;1,363
18.01.2019 02:00;1,943;2,351
18.01.2019 03:00;1,838;2,276
18.01.2019 04:00;1,794;2,013
18.01.2019 05:00;1,769;2,039
18.01.2019 06:00;1,825;2,001
18.01.2019 07:00;2,533;2,702
18.01.2019 08:00;5,196;2,65
18.01.2019 09:00;4,343;3,675
18.01.2019 10:00;3,996;3,701
18.01.2019 11:00;8,072;14,176
18.01.2019 12:00;19,394;36,001
18.01.2019 13:00;13,593;40,89
18.01.2019 14:00;11,759;34,14
18.01.2019 15:00;13,497;28,489
18.01.2019 16:00;12,873;17,977
18.01.2019 17:00;9,518;11,852
18.01.2019 18:00;5,054;7,865
18.01.2019 19:00;5,146;5,863
18.01.2019 20:00;5,057;3,825
18.01.2019 21:00;4,426;3,001
18.01.2019 22:00;4,359;3,151
18.01.2019 23:00;2,824;2,751
19.01.2019 00:00;2,449;3,176
19.01.2019 01:00;1,969;2,689
19.01.2019 02:00;1,721;2,589
19.01.2019 03:00;1,78;2,263
19.01.2019 04:00;1,821;2,526
19.01.2019 05:00;1,948;2,813
19.01.2019 06:00;1,802;2,938
19.01.2019 07:00;2,433;2,827
19.01.2019 08:00;4,226;3,139
19.01.2019 09:00;4,076;3,301
19.01.2019 10:00;4,944;5,301
19.01.2019 11:00;18,142;19,902
19.01.2019 12:00;26,014;31,69
19.01.2019 13:00;25,255;28,913
19.01.2019 14:00;23,505;27,965
19.01.2019 15:00;9,863;22,227
19.01.2019 16:00;9,607;14,414
19.01.2019 17:00;7,612;25,402
19.01.2019 18:00;5,27;21,927
19.01.2019 19:00;3,956;8,726
19.01.2019 20:00;4,076;4,077
19.01.2019 21:00;4,015;4,176
19.01.2019 22:00;4,644;5,526
19.01.2019 23:00;3,844;5,052
20.01.2019 00:00;2,824;4,801
20.01.2019 01:00;2,264;3,426
20.01.2019 02:00;1,811;3,376
20.01.2019 03:00;1,824;3,089
20.01.2019 04:00;1,833;3,126
20.01.2019 05:00;1,884;3,076
20.01.2019 06:00;1,871;3,301
20.01.2019 07:00;2,564;3,788
20.01.2019 08:00;4,308;3,126
20.01.2019 09:00;3,616;3,552
20.01.2019 10:00;4,636;4,402
20.01.2019 11:00;14,811;16,927
20.01.2019 12:00;28,35;36,839
20.01.2019 13:00;24,423;40,989
20.01.2019 14:00;15,951;33,591
20.01.2019 15:00;12,861;27,915
20.01.2019 16:00;12,822;18,09
20.01.2019 17:00;10,6;9,427
20.01.2019 18:00;6,404;5,827
20.01.2019 19:00;4,639;4,563
20.01.2019 20:00;5,566;5,25
20.01.2019 21:00;5,282;6,276
20.01.2019 22:00;5,033;4,913
20.01.2019 23:00;3,521;5,251
21.01.2019 00:00;2,554;4,714
21.01.2019 01:00;1,785;3,301
21.01.2019 02:00;1,664;2,713
21.01.2019 03:00;1,618;2,413
21.01.2019 04:00;1,769;2,55
21.01.2019 05:00;1,801;2,764
21.01.2019 06:00;1,698;3,001
21.01.2019 07:00;2,371;3,388
21.01.2019 08:00;4,246;2,876
21.01.2019 09:00;3,628;3,964
21.01.2019 10:00;5,872;4,451
21.01.2019 11:00;8,632;20,253
21.01.2019 12:00;11,079;40,402
21.01.2019 13:00;12,351;44,764
21.01.2019 14:00;11,067;32,314
21.01.2019 15:00;14,095;29,427
21.01.2019 16:00;13,555;19,027
21.01.2019 17:00;9,382;10,789
21.01.2019 18:00;6,819;6,327
21.01.2019 19:00;3,941;4,863
21.01.2019 20:00;4,089;4,539
21.01.2019 21:00;5,249;5,451
21.01.2019 22:00;4,509;4,338
21.01.2019 23:00;3,042;4,726
22.01.2019 00:00;2,263;4,551
22.01.2019 01:00;2,24;3,588
22.01.2019 02:00;1,901;3,201
22.01.2019 03:00;1,566;3,301
22.01.2019 04:00;1,601;3,326
22.01.2019 05:00;1,556;3,301
22.01.2019 06:00;1,704;3,664
22.01.2019 07:00;2,372;4,376
22.01.2019 08:00;4,831;3,526
22.01.2019 09:00;4,371;6,376
22.01.2019 10:00;5,995;5,502
22.01.2019 11:00;6,503;13,852
22.01.2019 12:00;7,137;21,627
22.01.2019 13:00;6,153;16,964
22.01.2019 14:00;7,021;21,878
22.01.2019 15:00;10,209;25,464
22.01.2019 16:00;7,104;12,102
22.01.2019 17:00;5,012;6,027
22.01.2019 18:00;6,139;4,252
22.01.2019 19:00;8,202;4,063
22.01.2019 20:00;4,393;4,701
22.01.2019 21:00;4,903;5,726
22.01.2019 22:00;4,646;8,001
22.01.2019 23:00;3,696;11,901
23.01.2019 00:00;2,188;8,239
23.01.2019 01:00;1,766;2,889
23.01.2019 02:00;1,614;2,639
23.01.2019 03:00;1,589;2,476
23.01.2019 04:00;1,593;2,539
23.01.2019 05:00;1,629;2,488
23.01.2019 06:00;1,539;2,864
23.01.2019 07:00;2,323;3,701
23.01.2019 08:00;5,166;2,901
23.01.2019 09:00;3,841;3,489
23.01.2019 10:00;5,199;3,501
23.01.2019 11:00;3,355;6,977
23.01.2019 12:00;3,551;7,827
23.01.2019 13:00;3,617;16,303
23.01.2019 14:00;11,842;23,565
23.01.2019 15:00;10,846;6,163
23.01.2019 16:00;7,534;6,513
23.01.2019 17:00;6,224;21,489
23.01.2019 18:00;7,956;17,063
23.01.2019 19:00;4,851;5,588
23.01.2019 20:00;5,191;3,988
23.01.2019 21:00;3,584;5,138
23.01.2019 22:00;3,358;3,689
23.01.2019 23:00;2,053;4,064
24.01.2019 00:00;2,069;4,188
24.01.2019 01:00;2,414;3,214
24.01.2019 02:00;1,661;2,764
24.01.2019 03:00;1,583;2,426
24.01.2019 04:00;1,559;2,638
24.01.2019 05:00;1,568;2,889
24.01.2019 06:00;1,588;3,001
24.01.2019 07:00;2,295;3,613
24.01.2019 08:00;4,504;3,039
24.01.2019 09:00;3,471;3,814
24.01.2019 10:00;3,009;3,038
24.01.2019 11:00;2,734;9,226
24.01.2019 12:00;3,18;11,139
24.01.2019 13:00;3,431;8,113
24.01.2019 14:00;2,265;5,001
24.01.2019 15:00;4,629;5,6
24.01.2019 16:00;5,974;5,176
24.01.2019 17:00;15,02;4,002
24.01.2019 18:00;22,681;4,127
24.01.2019 19:00;13,251;3,551
24.01.2019 20:00;5,264;4,251
24.01.2019 21:00;4,671;5,051
24.01.2019 22:00;3,268;4,026
24.01.2019 23:00;2,813;3,788
25.01.2019 00:00;2,446;3,813
25.01.2019 01:00;2,054;3,101
25.01.2019 02:00;1,545;2,839
25.01.2019 03:00;1,594;2,639
25.01.2019 04:00;1,531;2,626
25.01.2019 05:00;1,512;2,652
25.01.2019 06:00;1,459;3,064
25.01.2019 07:00;2,199;3,526
25.01.2019 08:00;4,091;3,151
25.01.2019 09:00;4,243;4,651
25.01.2019 10:00;4,156;3,302
25.01.2019 11:00;4,935;5,939
25.01.2019 12:00;2,922;6,626
25.01.2019 13:00;10,812;7,539
25.01.2019 14:00;17,238;6,052
25.01.2019 15:00;18,822;6,827
25.01.2019 16:00;20,276;7,79
25.01.2019 17:00;20,039;6,639
25.01.2019 18:00;19,924;4,414
25.01.2019 19:00;9,877;4,077
25.01.2019 20:00;6,369;5,101
25.01.2019 21:00;4,602;5,1
25.01.2019 22:00;4,361;3,788
25.01.2019 23:00;3,203;3,513
26.01.2019 00:00;2,258;4,539
26.01.2019 01:00;1,855;3,251
26.01.2019 02:00;1,744;3,088
26.01.2019 03:00;1,794;2,601
26.01.2019 04:00;1,716;2,501
26.01.2019 05:00;1,726;2,738
26.01.2019 06:00;1,691;2,976
26.01.2019 07:00;2,413;3,439
26.01.2019 08:00;4,249;2,889
26.01.2019 09:00;3,464;4,276
26.01.2019 10:00;3,461;5,9
26.01.2019 11:00;6,774;16,815
26.01.2019 12:00;6,652;17,241
26.01.2019 13:00;3,137;6,377
26.01.2019 14:00;3,222;5,126
26.01.2019 15:00;4,447;5,377
26.01.2019 16:00;6,542;6,352
26.01.2019 17:00;6,564;5,351
26.01.2019 18:00;5,625;4,889
26.01.2019 19:00;4,421;3,426
26.01.2019 20:00;5,598;3,951
26.01.2019 21:00;4,446;4,663
26.01.2019 22:00;3,791;3,938
26.01.2019 23:00;2,671;3,539
27.01.2019 00:00;2,516;3,464
27.01.2019 01:00;2,153;2,988
27.01.2019 02:00;1,943;2,988
27.01.2019 03:00;1,916;2,939
27.01.2019 04:00;1,843;2,602
27.01.2019 05:00;1,836;2,651
27.01.2019 06:00;1,804;3,301
27.01.2019 07:00;2,531;4,151
27.01.2019 08:00;4,286;2,926
27.01.2019 09:00;2,884;4,127
27.01.2019 10:00;3,354;3,69
27.01.2019 11:00;3,747;12,428
27.01.2019 12:00;4,956;17,939
27.01.2019 13:00;2,207;8,89
27.01.2019 14:00;3,46;6,64
27.01.2019 15:00;4,796;8,252
27.01.2019 16:00;4,863;6,889
27.01.2019 17:00;4,677;4,815
27.01.2019 18:00;5,302;4,515
27.01.2019 19:00;4,333;3,376
27.01.2019 20:00;4,271;3,714
27.01.2019 21:00;4,609;4,814
27.01.2019 22:00;5,233;3,601
27.01.2019 23:00;3,198;4,113
28.01.2019 00:00;2,049;4,376
28.01.2019 01:00;1,838;3,226
28.01.2019 02:00;1,698;3,013
28.01.2019 03:00;1,761;2,988
28.01.2019 04:00;1,678;2,851
28.01.2019 05:00;1,658;3,038
28.01.2019 06:00;1,719;3,301
28.01.2019 07:00;2,366;4,101
28.01.2019 08:00;4,694;3,414
28.01.2019 09:00;3,568;4,713
28.01.2019 10:00;4,961;4,151
28.01.2019 11:00;3,861;17,002
28.01.2019 12:00;4,05;20,102
28.01.2019 13:00;3,869;12,84
28.01.2019 14:00;5,043;9,077
28.01.2019 15:00;3,881;9,115
28.01.2019 16:00;4,883;6,302
28.01.2019 17:00;4,552;5,377
28.01.2019 18:00;5,007;4,277
28.01.2019 19:00;7,735;3,601
28.01.2019 20:00;4,421;4,551
28.01.2019 21:00;4,981;5,014
28.01.2019 22:00;5,76;3,751
28.01.2019 23:00;2,664;4,088
29.01.2019 00:00;1,93;4,864
29.01.2019 01:00;1,776;2,938
29.01.2019 02:00;1,663;2,526
29.01.2019 03:00;1,681;2,563
29.01.2019 04:00;1,644;2,526
29.01.2019 05:00;1,636;2,452
29.01.2019 06:00;1,636;2,901
29.01.2019 07:00;1,954;3,713
29.01.2019 08:00;5,981;2,876
29.01.2019 09:00;4,251;3,388
29.01.2019 10:00;4,377;3,826
29.01.2019 11:00;2,98;10,653
29.01.2019 12:00;4,27;14,74
29.01.2019 13:00;3,317;12,452
29.01.2019 14:00;5,024;18,24
29.01.2019 15:00;4,153;12,54
29.01.2019 16:00;6,299;11,227
29.01.2019 17:00;6,821;7,489
29.01.2019 18:00;6,26;4,664
29.01.2019 19:00;6,098;3,251
29.01.2019 20:00;22,836;3,764
29.01.2019 21:00;19,366;4,863
29.01.2019 22:00;12,407;3,488
29.01.2019 23:00;4,646;3,814
30.01.2019 00:00;1,63;3,225
30.01.2019 01:00;1,644;3,088
30.01.2019 02:00;1,561;2,688
30.01.2019 03:00;1,576;2,551
30.01.2019 04:00;1,508;2,526
30.01.2019 05:00;1,508;2,552
30.01.2019 06:00;1,542;2,926
30.01.2019 07:00;2,07;3,751
30.01.2019 08:00;6,179;3,038
30.01.2019 09:00;3,152;3,989
30.01.2019 10:00;2,271;4,127
30.01.2019 11:00;3,382;7,076
30.01.2019 12:00;4,839;16,465
30.01.2019 13:00;3,055;18,826
30.01.2019 14:00;3,055;10,077
30.01.2019 15:00;4,624;4,703
30.01.2019 16:00;5,629;4,34
30.01.2019 17:00;6,027;3,902
30.01.2019 18:00;5,179;4,376
30.01.2019 19:00;4,341;5,151
30.01.2019 20:00;5,261;4,926
30.01.2019 21:00;4,608;5,089
30.01.2019 22:00;3,513;3,689
30.01.2019 23:00;2,397;4,139
31.01.2019 00:00;2,073;3,252
31.01.2019 01:00;1,676;2,9
31.01.2019 02:00;1,541;2,75
31.01.2019 03:00;1,485;2,727
31.01.2019 04:00;1,511;2,738
31.01.2019 05:00;1,509;3,001
31.01.2019 06:00;1,464;3,151
31.01.2019 07:00;1,795;3,95
31.01.2019 08:00;3,883;3,088
31.01.2019 09:00;4,165;6,276
31.01.2019 10:00;8,464;3,251
31.01.2019 11:00;5,487;4,189
31.01.2019 12:00;2,742;6,764
31.01.2019 13:00;3,27;6,402
31.01.2019 14:00;3,089;4,102
31.01.2019 15:00;4,225;4,802
31.01.2019 16:00;6,025;5,152
31.01.2019 17:00;19,924;3,652
31.01.2019 18:00;19,437;9,038
31.01.2019 19:00;19,266;10,301
31.01.2019 20:00;20,741;6,201
31.01.2019 21:00;19,603;4,889
31.01.2019 22:00;18,274;3,501
31.01.2019 23:00;17,613;3,626
01.02.2019 00:00;3,971;4,601
01.02.2019 01:00;3,25;3,076
01.02.2019 02:00;1,978;2,676
01.02.2019 03:00;1,671;2,501
01.02.2019 04:00;1,666;2,564
01.02.2019 05:00;1,701;2,514
01.02.2019 06:00;1,589;2,977
01.02.2019 07:00;2,251;3,851
01.02.2019 08:00;4,671;2,926
01.02.2019 09:00;4,551;5,114
01.02.2019 10:00;3,13;3,039
01.02.2019 11:00;3,319;5,288
01.02.2019 12:00;3,535;17,813
01.02.2019 13:00;2,193;18,701
01.02.2019 14:00;4,037;7,865
01.02.2019 15:00;10,726;4,739
01.02.2019 16:00;16,884;3,94
01.02.2019 17:00;12,361;1,528
01.02.2019 18:00;7,047;2,952
01.02.2019 19:00;4,932;3,489
01.02.2019 20:00;4,571;4,863
01.02.2019 21:00;4,993;4,863
01.02.2019 22:00;3,756;3,576
01.02.2019 23:00;2,799;4,063
02.02.2019 00:00;2,019;3,051
02.02.2019 01:00;1,813;2,939
02.02.2019 02:00;1,664;2,976
02.02.2019 03:00;1,583;3,063
02.02.2019 04:00;1,536;2,838
02.02.2019 05:00;1,706;3,276
02.02.2019 06:00;1,514;3,351
02.02.2019 07:00;2,254;4,314
02.02.2019 08:00;5,428;3,338
02.02.2019 09:00;3,478;4,163
02.02.2019 10:00;2,889;3,238
02.02.2019 11:00;4,345;5,227
02.02.2019 12:00;5,949;6,002
02.02.2019 13:00;5,331;4,326
02.02.2019 14:00;4,666;1,626
02.02.2019 15:00;5,849;1,84
02.02.2019 16:00;5,977;2,84
02.02.2019 17:00;4,23;2,876
02.02.2019 18:00;4,109;3,552
02.02.2019 19:00;3,741;3,713
02.02.2019 20:00;4,278;4,963
02.02.2019 21:00;4,561;6,226
02.02.2019 22:00;3,523;3,751
02.02.2019 23:00;2,614;3,651
03.02.2019 00:00;2,217;4,076
03.02.2019 01:00;1,804;3,126
03.02.2019 02:00;1,763;2,714
03.02.2019 03:00;1,839;2,764
03.02.2019 04:00;1,556;2,626
03.02.2019 05:00;1,501;2,413
03.02.2019 06:00;1,473;2,838
03.02.2019 07:00;2,144;3,914
03.02.2019 08:00;3,82;2,675
03.02.2019 09:00;2,949;3,276
03.02.2019 10:00;2,438;2,913
03.02.2019 11:00;12,544;4,502
03.02.2019 12:00;22,526;8,015
03.02.2019 13:00;22,036;18,464
03.02.2019 14:00;15,061;20,503
03.02.2019 15:00;13,525;11,39
03.02.2019 16:00;5,83;14,927
03.02.2019 17:00;5,884;14,165
03.02.2019 18:00;4,428;8,276
03.02.2019 19:00;3,822;3,263
03.02.2019 20:00;2,959;3,663
03.02.2019 21:00;15,284;4,601
03.02.2019 22:00;17,624;4,427
03.02.2019 23:00;2,706;4,113
04.02.2019 00:00;2,216;3,613
04.02.2019 01:00;2,2;2,476
04.02.2019 02:00;2,081;2,514
04.02.2019 03:00;1,658;2,413
04.02.2019 04:00;1,471;2,551
04.02.2019 05:00;1,526;2,789
04.02.2019 06:00;1,451;3,226
04.02.2019 07:00;2,149;5,001
04.02.2019 08:00;3,901;16,026
04.02.2019 09:00;3,774;15,938
04.02.2019 10:00;16,434;10,103
04.02.2019 11:00;7,824;12,703
04.02.2019 12:00;5,973;22,39
04.02.2019 13:00;16,674;17,053
04.02.2019 14:00;20,301;17,727
04.02.2019 15:00;19,17;17,09
04.02.2019 16:00;6,387;16,752
04.02.2019 17:00;5,007;20,464
04.02.2019 18:00;7,483;17,314
04.02.2019 19:00;4,794;4,751
04.02.2019 20:00;7,859;3,526
04.02.2019 21:00;11,599;5,076
04.02.2019 22:00;8,796;3,626
04.02.2019 23:00;3,236;4,089
05.02.2019 00:00;1,779;3,301
05.02.2019 01:00;1,574;2,551
05.02.2019 02:00;1,459;2,513
05.02.2019 03:00;1,525;2,489
05.02.2019 04:00;1,456;2,563
05.02.2019 05:00;1,549;2,501
05.02.2019 06:00;4,4;3,014
05.02.2019 07:00;7,034;4,139
05.02.2019 08:00;9,691;2,839
05.02.2019 09:00;5,515;3,05
05.02.2019 10:00;7,787;4,727
05.02.2019 11:00;5,494;9,79
05.02.2019 12:00;3,652;14,413
05.02.2019 13:00;4,029;7,889
05.02.2019 14:00;4,168;6,341
05.02.2019 15:00;6,254;8,301
05.02.2019 16:00;3,403;8,265
05.02.2019 17:00;1,495;5,015
05.02.2019 18:00;3,346;4,389
05.02.2019 19:00;9,383;3,838
05.02.2019 20:00;21,019;3,951
05.02.2019 21:00;18,339;4,864
05.02.2019 22:00;16,831;3,314
05.02.2019 23:00;15,834;3,275
06.02.2019 00:00;6,571;3,214
06.02.2019 01:00;1,249;2,764
06.02.2019 02:00;1,224;2,552
06.02.2019 03:00;1,274;2,725
06.02.2019 04:00;1,195;2,589
06.02.2019 05:00;1,219;2,402
06.02.2019 06:00;1,273;3,064
06.02.2019 07:00;1,896;4,151
06.02.2019 08:00;5,739;2,864
06.02.2019 09:00;4,984;3,389
06.02.2019 10:00;11,992;4,602
06.02.2019 11:00;9,142;9,527
06.02.2019 12:00;8,039;10,802
06.02.2019 13:00;14,36;10,814
06.02.2019 14:00;10,229;9,627
06.02.2019 15:00;11,722;11,627
06.02.2019 16:00;11,532;10,552
06.02.2019 17:00;11,989;9,052
06.02.2019 18:00;12,959;4,527
06.02.2019 19:00;10,833;13,326
06.02.2019 20:00;13,851;16,687
06.02.2019 21:00;17,703;9,313
06.02.2019 22:00;4,991;3,538
06.02.2019 23:00;4,033;3,751
07.02.2019 00:00;2,311;3,051
07.02.2019 01:00;1,489;2,764
07.02.2019 02:00;1,373;2,389
07.02.2019 03:00;1,441;2,338
07.02.2019 04:00;1,398;2,351
07.02.2019 05:00;1,376;2,664
07.02.2019 06:00;1,437;2,851
07.02.2019 07:00;1,92;4,089
07.02.2019 08:00;3,823;3,463
07.02.2019 09:00;7,608;4,064
07.02.2019 10:00;14,812;3,851
07.02.2019 11:00;15,514;8,751
07.02.2019 12:00;13,424;13,651
07.02.2019 13:00;16,396;11,6
07.02.2019 14:00;14,814;7,151
07.02.2019 15:00;15,777;4,288
07.02.2019 16:00;14,234;2,564
07.02.2019 17:00;6,409;15,676
07.02.2019 18:00;4,161;16,138
07.02.2019 19:00;3,169;6,263
07.02.2019 20:00;3,608;3,526
07.02.2019 21:00;3,764;4,701
07.02.2019 22:00;3,708;2,938
07.02.2019 23:00;3,354;4,288
08.02.2019 00:00;2,513;3,101
08.02.2019 01:00;2,156;2,613
08.02.2019 02:00;2,033;2,388
08.02.2019 03:00;1,883;2,389
08.02.2019 04:00;1,833;2,301
08.02.2019 05:00;1,808;2,264
08.02.2019 06:00;1,896;2,788
08.02.2019 07:00;2,438;4,426
08.02.2019 08:00;3,658;2,538
08.02.2019 09:00;4,511;3,151
08.02.2019 10:00;3,445;3,313
08.02.2019 11:00;2,597;4,689
08.02.2019 12:00;3,941;5,489
08.02.2019 13:00;2,63;5,126
08.02.2019 14:00;2,362;4,288
08.02.2019 15:00;3,673;3,05
08.02.2019 16:00;3,455;0,025
08.02.2019 17:00;3,401;0,076
08.02.2019 18:00;3,637;1,864
08.02.2019 19:00;5,819;3,289
08.02.2019 20:00;19,084;6,251
08.02.2019 21:00;19,268;6,939
08.02.2019 22:00;6,528;3,939
08.02.2019 23:00;3,324;3,914
09.02.2019 00:00;2,628;3,926
09.02.2019 01:00;2,344;2,513
09.02.2019 02:00;1,916;2,313
09.02.2019 03:00;1,666;2,363
09.02.2019 04:00;1,819;2,339
09.02.2019 05:00;1,793;2,714
09.02.2019 06:00;1,703;2,863
09.02.2019 07:00;2,189;3,963
09.02.2019 08:00;3,721;2,926
09.02.2019 09:00;3,451;4,55
09.02.2019 10:00;6,334;1,451
09.02.2019 11:00;5,868;0,038
09.02.2019 12:00;5,455;0,363
09.02.2019 13:00;5,543;1,351
09.02.2019 14:00;5,955;0,388
09.02.2019 15:00;5,601;0
09.02.2019 16:00;5,037;0,825
09.02.2019 17:00;7,707;9,189
09.02.2019 18:00;11,759;10,276
09.02.2019 19:00;4,737;4,501
09.02.2019 20:00;3,856;4,375
09.02.2019 21:00;4,206;6,202
09.02.2019 22:00;3,441;3,464
09.02.2019 23:00;2,909;3,375
10.02.2019 00:00;2,496;3,589
10.02.2019 01:00;2,174;2,901
10.02.2019 02:00;2,134;2,689
10.02.2019 03:00;2,121;2,639
10.02.2019 04:00;1,648;2,551
10.02.2019 05:00;1,676;2,488
10.02.2019 06:00;1,736;2,938
10.02.2019 07:00;2,128;4,264
10.02.2019 08:00;2,764;2,963
10.02.2019 09:00;2,878;4,139
10.02.2019 10:00;3,865;2,9
10.02.2019 11:00;3,641;2,813
10.02.2019 12:00;4,885;1,826
10.02.2019 13:00;4,444;1,113
10.02.2019 14:00;2,824;0,013
10.02.2019 15:00;3,263;0,675
10.02.2019 16:00;4,104;0,364
10.02.2019 17:00;3,182;1,263
10.02.2019 18:00;3,656;4,439
10.02.2019 19:00;2,751;3,451
10.02.2019 20:00;2,501;3,502
10.02.2019 21:00;5,451;9,176
10.02.2019 22:00;3,959;12,926
10.02.2019 23:00;3,078;10,164
11.02.2019 00:00;2,253;7,713
11.02.2019 01:00;1,733;2,513
11.02.2019 02:00;1,668;2,401
11.02.2019 03:00;1,633;2,551
11.02.2019 04:00;1,659;2,5
11.02.2019 05:00;1,674;2,913
11.02.2019 06:00;1,694;2,901
11.02.2019 07:00;2,34;4,414
11.02.2019 08:00;2,991;2,888
11.02.2019 09:00;11,561;4,177
11.02.2019 10:00;16,749;1,263
11.02.2019 11:00;8,035;0,901
11.02.2019 12:00;3,318;8,326
11.02.2019 13:00;3,299;8,101
11.02.2019 14:00;7,948;3,35
11.02.2019 15:00;8,254;0,326
11.02.2019 16:00;7,759;0
11.02.2019 17:00;8,057;0
11.02.2019 18:00;6,604;0,6
11.02.2019 19:00;4,243;4,701
11.02.2019 20:00;5,086;4,451
11.02.2019 21:00;5,754;5,501
11.02.2019 22:00;5,431;3,764
11.02.2019 23:00;3,541;4,589
12.02.2019 00:00;2,111;4,401
12.02.2019 01:00;1,506;3,401
12.02.2019 02:00;1,654;2,963
12.02.2019 03:00;1,466;3,076
12.02.2019 04:00;1,533;3,026
12.02.2019 05:00;1,457;2,901
12.02.2019 06:00;1,46;3,401
12.02.2019 07:00;2,088;4,826
12.02.2019 08:00;3,191;3,627
12.02.2019 09:00;4,173;5,614
12.02.2019 10:00;4,286;1,876
12.02.2019 11:00;6,862;1,351
12.02.2019 12:00;7,435;7,613
12.02.2019 13:00;6,205;3,388
12.02.2019 14:00;6,016;4,901
12.02.2019 15:00;6,337;6,101
12.02.2019 16:00;8,444;6,326
12.02.2019 17:00;7,131;4,689
12.02.2019 18:00;4,991;4,238
12.02.2019 19:00;3,082;4,489
12.02.2019 20:00;4,465;5,414
12.02.2019 21:00;4,415;6,302
12.02.2019 22:00;3,453;4,338
12.02.2019 23:00;2,627;4,238
13.02.2019 00:00;2,514;4,551
13.02.2019 01:00;1,812;3,551
13.02.2019 02:00;1,799;3,501
13.02.2019 03:00;1,839;3,464
13.02.2019 04:00;1,883;3,425
13.02.2019 05:00;1,749;3,026
13.02.2019 06:00;1,916;3,339
13.02.2019 07:00;5,538;4,075
13.02.2019 08:00;6,231;3,614
13.02.2019 09:00;4,144;4,764
13.02.2019 10:00;4,282;5,163
13.02.2019 11:00;2,613;13,25
13.02.2019 12:00;2,926;15,075
13.02.2019 13:00;3,67;7,026
13.02.2019 14:00;4,6;5,001
13.02.2019 15:00;5,093;6,876
13.02.2019 16:00;8,157;6,251
13.02.2019 17:00;5,867;17,302
13.02.2019 18:00;6,047;20,639
13.02.2019 19:00;5,301;8,664
13.02.2019 20:00;6,743;4,176
13.02.2019 21:00;4,379;7,489
13.02.2019 22:00;4,488;9,75
13.02.2019 23:00;2,908;4,101
14.02.2019 00:00;2,116;3,276
14.02.2019 01:00;1,761;2,888
14.02.2019 02:00;1,621;2,539
14.02.2019 03:00;1,599;2,364
14.02.2019 04:00;1,588;2,6
14.02.2019 05:00;1,614;2,901
14.02.2019 06:00;1,578;3,164
14.02.2019 07:00;2,091;4,375
14.02.2019 08:00;3,514;3,064
14.02.2019 09:00;8,246;4,201
14.02.2019 10:00;14,997;3,089
14.02.2019 11:00;15,157;10,701
14.02.2019 12:00;17,76;11,426
14.02.2019 13:00;16,737;12,188
14.02.2019 14:00;17,891;6,839
14.02.2019 15:00;18,886;5,439
14.02.2019 16:00;20,417;4,576
14.02.2019 17:00;19,472;4,025
14.02.2019 18:00;12,277;3,726
14.02.2019 19:00;4,983;3,926
14.02.2019 20:00;4,168;4,926
14.02.2019 21:00;5,046;6,538
14.02.2019 22:00;3,673;5,327
14.02.2019 23:00;2,898;3,976
15.02.2019 00:00;2,328;3,701
15.02.2019 01:00;1,928;3,126
15.02.2019 02:00;1,824;3,001
15.02.2019 03:00;1,714;2,789
15.02.2019 04:00;1,811;2,776
15.02.2019 05:00;1,744;2,776
15.02.2019 06:00;1,753;3,226
15.02.2019 07:00;2,448;4,638
15.02.2019 08:00;3,429;3,9
15.02.2019 09:00;3,615;5,188
15.02.2019 10:00;6,034;5,726
15.02.2019 11:00;8,032;5,938
15.02.2019 12:00;10,721;6,1
15.02.2019 13:00;9,869;14,139
15.02.2019 14:00;9,748;16,675
15.02.2019 15:00;12,328;10,776
15.02.2019 16:00;13,267;5,064
15.02.2019 17:00;11,896;5,651
15.02.2019 18:00;8,843;6,613
15.02.2019 19:00;5,525;3,326
15.02.2019 20:00;4,101;5,476
15.02.2019 21:00;3,289;4,95
15.02.2019 22:00;2,828;3,238
15.02.2019 23:00;2,644;3,451
16.02.2019 00:00;2,361;2,963
16.02.2019 01:00;2,106;2,775
16.02.2019 02:00;1,754;2,575
16.02.2019 03:00;1,739;2,539
16.02.2019 04:00;1,794;2,464
16.02.2019 05:00;1,756;2,901
16.02.2019 06:00;1,806;2,988
16.02.2019 07:00;1,776;4,327
16.02.2019 08:00;1,786;2,826
16.02.2019 09:00;13,893;4,039
16.02.2019 10:00;9,179;4,476
16.02.2019 11:00;14,943;12,238
16.02.2019 12:00;11,356;11,276
16.02.2019 13:00;10,972;5,076
16.02.2019 14:00;21,216;3,488
16.02.2019 15:00;11,852;4,076
16.02.2019 16:00;12,644;5,751
16.02.2019 17:00;8,836;16,351
16.02.2019 18:00;6,182;16,089
16.02.2019 19:00;3,023;7,076
16.02.2019 20:00;3,956;6,113
16.02.2019 21:00;4,365;5,151
16.02.2019 22:00;3,436;4,226
16.02.2019 23:00;3,316;4,613
17.02.2019 00:00;1,944;3,038
17.02.2019 01:00;1,514;2,764
17.02.2019 02:00;1,503;2,289
17.02.2019 03:00;1,563;2,089
17.02.2019 04:00;1,448;2,026
17.02.2019 05:00;1,408;1,888
17.02.2019 06:00;1,349;2,814
17.02.2019 07:00;1,891;4,052
17.02.2019 08:00;1,931;2,527
17.02.2019 09:00;3,126;2,963
17.02.2019 10:00;3,827;2,35
17.02.2019 11:00;5,917;3,151
17.02.2019 12:00;9,579;3,851
17.02.2019 13:00;8,838;3,789
17.02.2019 14:00;8,505;3,639
17.02.2019 15:00;9,876;4,864
17.02.2019 16:00;9,795;3,876
17.02.2019 17:00;7,603;3,388
17.02.2019 18:00;6,733;4,325
17.02.2019 19:00;3,171;3,614
17.02.2019 20:00;3,569;6,489
17.02.2019 21:00;3,796;8,502
17.02.2019 22:00;3,664;4,614
17.02.2019 23:00;2,698;4,576
18.02.2019 00:00;2,003;2,851
18.02.2019 01:00;1,546;2,864
18.02.2019 02:00;1,481;2,025
18.02.2019 03:00;1,456;2,126
18.02.2019 04:00;1,568;2,001
18.02.2019 05:00;1,563;2,214
18.02.2019 06:00;1,406;2,501
18.02.2019 07:00;2,011;3,538
18.02.2019 08:00;3,327;3,113
18.02.2019 09:00;4,694;15,138
18.02.2019 10:00;6,607;7,889
18.02.2019 11:00;9,212;8,151
18.02.2019 12:00;12,06;10,863
18.02.2019 13:00;9,851;12,988
18.02.2019 14:00;8,728;8,289
18.02.2019 15:00;11,274;5,501
18.02.2019 16:00;11,828;10,525
18.02.2019 17:00;12,487;17,239
18.02.2019 18:00;8,065;16,039
18.02.2019 19:00;3,662;5,001
18.02.2019 20:00;4,141;3,513
18.02.2019 21:00;4,882;4,85
18.02.2019 22:00;3,721;3,163
18.02.2019 23:00;2,683;4,051
19.02.2019 00:00;2,113;3,352
19.02.2019 01:00;1,481;2,351
19.02.2019 02:00;1,449;2,226
19.02.2019 03:00;1,424;2,139
19.02.2019 04:00;1,429;2,239
19.02.2019 05:00;1,481;2,177
19.02.2019 06:00;1,451;2,663
19.02.2019 07:00;2,076;4,175
19.02.2019 08:00;4,951;2,701
19.02.2019 09:00;3,706;4,401
19.02.2019 10:00;3,304;9,701
19.02.2019 11:00;4,548;21,239
19.02.2019 12:00;8,492;17,426
19.02.2019 13:00;9,889;13,289
19.02.2019 14:00;6,876;12,176
19.02.2019 15:00;5,649;7,401
19.02.2019 16:00;5,985;6,176
19.02.2019 17:00;5,461;5,551
19.02.2019 18:00;11,676;5,551
19.02.2019 19:00;9,427;4,614
19.02.2019 20:00;4,826;4,913
19.02.2019 21:00;4,871;6,939
19.02.2019 22:00;3,299;4,501
19.02.2019 23:00;2,806;4,888
20.02.2019 00:00;2,491;3,863
20.02.2019 01:00;1,72;3,689
20.02.2019 02:00;1,466;3,751
20.02.2019 03:00;1,377;3,801
20.02.2019 04:00;1,448;3,938
20.02.2019 05:00;1,423;3,789
20.02.2019 06:00;1,421;4,352
20.02.2019 07:00;2,136;5,675
20.02.2019 08:00;3,138;4,075
20.02.2019 09:00;7,426;6,001
20.02.2019 10:00;6,119;5,238
20.02.2019 11:00;6,549;6,164
20.02.2019 12:00;7,862;6,414
20.02.2019 13:00;9,971;7,563
20.02.2019 14:00;9,208;4,35
20.02.2019 15:00;8,183;4,526
20.02.2019 16:00;8,637;5,65
20.02.2019 17:00;6,482;5,751
20.02.2019 18:00;7,297;4,751
20.02.2019 19:00;7,332;4,276
20.02.2019 20:00;11,859;4,551
20.02.2019 21:00;4,813;6,726
20.02.2019 22:00;4,646;3,839
20.02.2019 23:00;2,742;3,063
21.02.2019 00:00;2,663;2,452
21.02.2019 01:00;1,863;2,476
21.02.2019 02:00;2,016;2,338
21.02.2019 03:00;1,811;2,126
21.02.2019 04:00;1,756;2,277
21.02.2019 05:00;1,829;2,639
21.02.2019 06:00;1,771;2,926
21.02.2019 07:00;2,076;4,338
21.02.2019 08:00;8,703;3,126
21.02.2019 09:00;6,879;8,001
21.02.2019 10:00;9,265;16,926
21.02.2019 11:00;6,449;20,476
21.02.2019 12:00;5,392;11,638
21.02.2019 13:00;6,032;10,225
21.02.2019 14:00;3,131;12,101
21.02.2019 15:00;7,934;13,589
21.02.2019 16:00;4,462;6,426
21.02.2019 17:00;5,748;5,451
21.02.2019 18:00;4,711;5,188
21.02.2019 19:00;5,892;4,888
21.02.2019 20:00;7,569;4,826
21.02.2019 21:00;4,741;6,189
21.02.2019 22:00;4,141;5,089
21.02.2019 23:00;3,461;4,601
22.02.2019 00:00;2,686;4,539
22.02.2019 01:00;2,459;3,263
22.02.2019 02:00;2,183;2,964
22.02.2019 03:00;1,914;2,976
22.02.2019 04:00;1,889;2,926
22.02.2019 05:00;1,851;2,963
22.02.2019 06:00;1,876;3,563
22.02.2019 07:00;3,163;4,551
22.02.2019 08:00;6,191;3,651
22.02.2019 09:00;5,712;4,989
22.02.2019 10:00;4,754;9,063
22.02.2019 11:00;7,859;21,05
22.02.2019 12:00;5,673;19,726
22.02.2019 13:00;4,11;7,489
22.02.2019 14:00;5,703;5,676
22.02.2019 15:00;4,877;5,751
22.02.2019 16:00;3,615;6,101
22.02.2019 17:00;7,044;7,351
22.02.2019 18:00;5,512;11,751
22.02.2019 19:00;5,257;11,776
22.02.2019 20:00;6,62;6,777
22.02.2019 21:00;7,411;5,663
22.02.2019 22:00;5,944;4,588
22.02.2019 23:00;5,779;3,188
23.02.2019 00:00;8,547;2,601
23.02.2019 01:00;3,561;2,65
23.02.2019 02:00;1,819;2,226
23.02.2019 03:00;1,732;2,289
23.02.2019 04:00;1,626;2,226
23.02.2019 05:00;1,462;2,488
23.02.2019 06:00;1,453;2,664
23.02.2019 07:00;1,973;3,714
23.02.2019 08:00;3,321;3,064
23.02.2019 09:00;3,397;4,538
23.02.2019 10:00;4,812;3,65
23.02.2019 11:00;11,805;20,864
23.02.2019 12:00;11,429;19,889
23.02.2019 13:00;17,085;9,114
23.02.2019 14:00;20,31;4,614
23.02.2019 15:00;23,65;7,376
23.02.2019 16:00;10,28;5,475
23.02.2019 17:00;8,29;7,238
23.02.2019 18:00;7,341;18,376
23.02.2019 19:00;3,404;11,038
23.02.2019 20:00;3,314;4,926
23.02.2019 21:00;3,101;6,326
23.02.2019 22:00;2,758;5,602
23.02.2019 23:00;2,395;4,488
24.02.2019 00:00;2,082;3,875
24.02.2019 01:00;1,654;3,763
24.02.2019 02:00;1,387;3,639
24.02.2019 03:00;1,479;3,588
24.02.2019 04:00;1,551;3,564
24.02.2019 05:00;1,504;3,55
24.02.2019 06:00;1,514;4,014
24.02.2019 07:00;1,883;5,351
24.02.2019 08:00;2,762;3,676
24.02.2019 09:00;3,049;4,377
24.02.2019 10:00;6,953;4,926
24.02.2019 11:00;7,995;6,013
24.02.2019 12:00;10,048;7,301
24.02.2019 13:00;9,648;6,351
24.02.2019 14:00;8,217;4,776
24.02.2019 15:00;9,767;4,888
24.02.2019 16:00;10,158;5,263
24.02.2019 17:00;9,41;4,663
24.02.2019 18:00;7,803;7,664
24.02.2019 19:00;3,735;10,55
24.02.2019 20:00;4,032;9,701
24.02.2019 21:00;5,174;7,676
24.02.2019 22:00;3,708;4,564
24.02.2019 23:00;2,066;3,801
25.02.2019 00:00;1,861;3,163
25.02.2019 01:00;1,661;2,276
25.02.2019 02:00;1,387;2,114
25.02.2019 03:00;1,499;2,026
25.02.2019 04:00;1,356;2,138
25.02.2019 05:00;1,406;2,314
25.02.2019 06:00;1,396;2,764
25.02.2019 07:00;1,688;3,776
25.02.2019 08:00;5,236;2,863
25.02.2019 09:00;3,687;4,776
25.02.2019 10:00;11,069;5,239
25.02.2019 11:00;14,521;6,476
25.02.2019 12:00;11,866;6,625
25.02.2019 13:00;9,711;5,926
25.02.2019 14:00;8,645;5,126
25.02.2019 15:00;10,35;6,55
25.02.2019 16:00;10,068;5,676
25.02.2019 17:00;8,91;5,076
25.02.2019 18:00;7,34;4,901
25.02.2019 19:00;4,774;4,5
25.02.2019 20:00;5,392;5,451
25.02.2019 21:00;5,029;7,114
25.02.2019 22:00;5,133;4,088
25.02.2019 23:00;2,688;3,613
26.02.2019 00:00;2,088;3,726
26.02.2019 01:00;1,457;2,489
26.02.2019 02:00;1,311;2,238
26.02.2019 03:00;1,296;2,251
26.02.2019 04:00;1,359;2,113
26.02.2019 05:00;1,261;1,976
26.02.2019 06:00;1,388;2,601
26.02.2019 07:00;1,984;3,751
26.02.2019 08:00;4,66;2,989
26.02.2019 09:00;8,771;4,639
26.02.2019 10:00;10,41;3,951
26.02.2019 11:00;7,903;18,626
26.02.2019 12:00;9,876;20,363
26.02.2019 13:00;9,821;9,764
26.02.2019 14:00;8,335;4,501
26.02.2019 15:00;9,631;6,476
26.02.2019 16:00;10,73;5,551
26.02.2019 17:00;9,341;6,039
26.02.2019 18:00;7,951;4,826
26.02.2019 19:00;4,47;5,239
26.02.2019 20:00;5,426;10,677
26.02.2019 21:00;4,811;11,226
26.02.2019 22:00;5,306;3,288
26.02.2019 23:00;3,024;2,689
27.02.2019 00:00;2,026;2,451
27.02.2019 01:00;1,479;2,239
27.02.2019 02:00;1,406;2,189
27.02.2019 03:00;1,471;2,139
27.02.2019 04:00;1,521;2,039
27.02.2019 05:00;1,544;2,151
27.02.2019 06:00;1,461;2,538
27.02.2019 07:00;2,151;3,739
27.02.2019 08:00;6,679;2,951
27.02.2019 09:00;4,444;3,963
27.02.2019 10:00;6,26;4,652
27.02.2019 11:00;8,516;3,964
27.02.2019 12:00;10,779;4,651
27.02.2019 13:00;8,839;19,576
27.02.2019 14:00;8,49;16,414
27.02.2019 15:00;10,134;6,55
27.02.2019 16:00;10,609;5,276
27.02.2019 17:00;8,506;6,038
27.02.2019 18:00;7,888;5,089
27.02.2019 19:00;3,676;3,276
27.02.2019 20:00;7,161;3,427
27.02.2019 21:00;6,644;4,125
27.02.2019 22:00;4,962;2,589
27.02.2019 23:00;3,861;2,488
28.02.2019 00:00;2,526;1,764
28.02.2019 01:00;1,765;1,914
28.02.2019 02:00;1,39;1,538
28.02.2019 03:00;1,413;1,426
28.02.2019 04:00;1,361;1,401
28.02.2019 05:00;1,461;1,713
28.02.2019 06:00;1,389;1,476
28.02.2019 07:00;1,988;2,251
28.02.2019 08:00;3,678;4,501
28.02.2019 09:00;4,127;5,677
28.02.2019 10:00;13,602;4,526
28.02.2019 11:00;19,152;4,901
28.02.2019 12:00;22,187;6,213
28.02.2019 13:00;22,876;6,601
28.02.2019 14:00;19,861;4,876
28.02.2019 15:00;13,375;5,901
28.02.2019 16:00;24,807;5,688
28.02.2019 17:00;30,608;9,476
28.02.2019 18:00;23,591;10,964
28.02.2019 19:00;21,166;11,1
28.02.2019 20:00;21,458;4,163
28.02.2019 21:00;8,764;4,976
28.02.2019 22:00;6,036;3,976
28.02.2019 23:00;4,036;3,988
01.03.2019 00:00;2,378;3,289
01.03.2019 01:00;1,705;3,1
01.03.2019 02:00;1,515;2,739
01.03.2019 03:00;1,476;2,639
01.03.2019 04:00;1,533;2,713
01.03.2019 05:00;1,518;2,626
01.03.2019 06:00;1,631;3,176
01.03.2019 07:00;2,388;3,676
01.03.2019 08:00;3,513;3,426
01.03.2019 09:00;3,304;5,401
01.03.2019 10:00;4,622;5,501
01.03.2019 11:00;5,759;21,651
01.03.2019 12:00;5,596;20,988
01.03.2019 13:00;2,791;8,938
01.03.2019 14:00;3,284;5,738
01.03.2019 15:00;15,295;6,101
01.03.2019 16:00;18,489;6,663
01.03.2019 17:00;14,932;5,676
01.03.2019 18:00;3,975;4,926
01.03.2019 19:00;3,757;7,301
01.03.2019 20:00;5,636;5,638
01.03.2019 21:00;4,751;4,701
01.03.2019 22:00;3,606;3,039
01.03.2019 23:00;2,987;3,476
02.03.2019 00:00;2,316;3,001
02.03.2019 01:00;1,734;2,714
02.03.2019 02:00;1,493;2,338
02.03.2019 03:00;1,561;2,052
02.03.2019 04:00;1,538;2,31
02.03.2019 05:00;1,518;2,844
02.03.2019 06:00;1,531;2,966
02.03.2019 07:00;2,013;4,079
02.03.2019 08:00;3,859;3,037
02.03.2019 09:00;4,587;4,322
02.03.2019 10:00;3,534;3,2
02.03.2019 11:00;5,45;9,507
02.03.2019 12:00;4,189;9,232
02.03.2019 13:00;4,161;4,728
02.03.2019 14:00;3,596;2,313
02.03.2019 15:00;6,496;3,076
02.03.2019 16:00;9,497;3,61
02.03.2019 17:00;5,391;8,872
02.03.2019 18:00;3,635;12,069
02.03.2019 19:00;3,757;6,583
02.03.2019 20:00;5,261;5,093
02.03.2019 21:00;4,705;5,976
02.03.2019 22:00;4,843;4,26
02.03.2019 23:00;3,124;4,032
03.03.2019 00:00;2,315;3,644
03.03.2019 01:00;1,972;3,137
03.03.2019 02:00;1,848;2,214
03.03.2019 03:00;1,676;2,151
03.03.2019 04:00;1,526;2,238
03.03.2019 05:00;1,556;2,288
03.03.2019 06:00;1,578;2,626
03.03.2019 07:00;2,019;3,251
03.03.2019 08:00;2,946;2,577
03.03.2019 09:00;2,606;4,438
03.03.2019 10:00;7,024;4,263
03.03.2019 11:00;4,269;5,076
03.03.2019 12:00;4,277;13,551
03.03.2019 13:00;2,599;17,339
03.03.2019 14:00;3,349;10,576
03.03.2019 15:00;2,457;4,576
03.03.2019 16:00;4,537;5,438
03.03.2019 17:00;4,54;5,363
03.03.2019 18:00;7,215;5,952
03.03.2019 19:00;4,022;3,113
03.03.2019 20:00;4,038;3,789
03.03.2019 21:00;3,756;5,438
03.03.2019 22:00;2,778;3,126
03.03.2019 23:00;2,944;3,875
04.03.2019 00:00;1,584;3,876
04.03.2019 01:00;1,596;2,551
04.03.2019 02:00;1,654;2,113
04.03.2019 03:00;1,613;2,063
04.03.2019 04:00;1,711;2,126
04.03.2019 05:00;1,595;2,401
04.03.2019 06:00;2,683;2,589
04.03.2019 07:00;4,586;3,414
04.03.2019 08:00;6,317;2,651
04.03.2019 09:00;6,836;4,088
04.03.2019 10:00;16,068;6,376
04.03.2019 11:00;20,132;8,925
04.03.2019 12:00;14,876;12,363
04.03.2019 13:00;3,632;11,863
04.03.2019 14:00;2,482;6,176
04.03.2019 15:00;4,897;6,263
04.03.2019 16:00;6,447;5,313
04.03.2019 17:00;4,668;15,826
04.03.2019 18:00;3,948;9,701
04.03.2019 19:00;2,807;7,201
04.03.2019 20:00;3,242;4,651
04.03.2019 21:00;5,069;4,763
04.03.2019 22:00;4,126;3,375
04.03.2019 23:00;3,406;3,851
05.03.2019 00:00;1,776;3,239
05.03.2019 01:00;1,461;2,388
05.03.2019 02:00;1,345;2,401
05.03.2019 03:00;1,361;2,201
05.03.2019 04:00;1,364;2,251
05.03.2019 05:00;1,351;2,226
05.03.2019 06:00;1,326;2,064
05.03.2019 07:00;1,796;2,713
05.03.2019 08:00;5,041;2,838
05.03.2019 09:00;3,803;4,201
05.03.2019 10:00;4,341;2,988
05.03.2019 11:00;3,881;1,964
05.03.2019 12:00;2,566;0,838
05.03.2019 13:00;3,764;0
05.03.2019 14:00;6,371;0
05.03.2019 15:00;7,259;0,013
05.03.2019 16:00;10,573;0
05.03.2019 17:00;8,611;0,013
05.03.2019 18:00;8,45;0,201
05.03.2019 19:00;12,662;1,838
05.03.2019 20:00;17,263;3,927
05.03.2019 21:00;18,819;4,476
05.03.2019 22:00;19,206;3,388
05.03.2019 23:00;18,619;4,288
06.03.2019 00:00;12,211;2,851
06.03.2019 01:00;1,451;2,438
06.03.2019 02:00;1,384;2,288
06.03.2019 03:00;1,349;2,301
06.03.2019 04:00;1,346;2,401
06.03.2019 05:00;1,406;2,363
06.03.2019 06:00;1,386;2,751
06.03.2019 07:00;1,948;3,414
06.03.2019 08:00;3,351;3,025
06.03.2019 09:00;4,274;2,438
06.03.2019 10:00;7,216;2,951
06.03.2019 11:00;19,094;7,026
06.03.2019 12:00;18,621;0,263
06.03.2019 13:00;10,505;0
06.03.2019 14:00;4,246;0
06.03.2019 15:00;5,463;0,175
06.03.2019 16:00;8,474;0,426
06.03.2019 17:00;19,376;0,926
06.03.2019 18:00;21,049;2,576
06.03.2019 19:00;15,365;3,489
06.03.2019 20:00;6,059;5,826
06.03.2019 21:00;5,166;5,927
06.03.2019 22:00;4,681;4,427
06.03.2019 23:00;2,871;3,676
07.03.2019 00:00;2,339;2,814
07.03.2019 01:00;1,827;2,589
07.03.2019 02:00;1,592;2,314
07.03.2019 03:00;1,561;2,451
07.03.2019 04:00;1,436;2,438
07.03.2019 05:00;1,521;2,788
07.03.2019 06:00;1,456;2,901
07.03.2019 07:00;2,266;3,426
07.03.2019 08:00;5,008;3,063
07.03.2019 09:00;9,61;3,738
07.03.2019 10:00;9,578;0,638
07.03.2019 11:00;8,209;0,3
07.03.2019 12:00;10,338;0,301
07.03.2019 13:00;13,217;0
07.03.2019 14:00;11,025;0
07.03.2019 15:00;10,882;0
07.03.2019 16:00;11,404;0,175
07.03.2019 17:00;16,465;0,026
07.03.2019 18:00;13,105;0,663
07.03.2019 19:00;7,272;1,713
07.03.2019 20:00;4,563;9,463
07.03.2019 21:00;6,371;18,414
07.03.2019 22:00;4,465;13,126
07.03.2019 23:00;3,406;3,564
08.03.2019 00:00;2,17;3,488
08.03.2019 01:00;1,486;2,351
08.03.2019 02:00;1,429;2,426
08.03.2019 03:00;1,469;2,451
08.03.2019 04:00;1,593;2,425
08.03.2019 05:00;1,539;2,175
08.03.2019 06:00;1,516;2,763
08.03.2019 07:00;2,009;3,339
08.03.2019 08:00;3,853;2,813
08.03.2019 09:00;3,527;4,776
08.03.2019 10:00;4,822;6,238
08.03.2019 11:00;4,115;3,938
08.03.2019 12:00;5,46;1,176
08.03.2019 13:00;9,638;0
08.03.2019 14:00;5,307;3,339
08.03.2019 15:00;8,263;2,2
08.03.2019 16:00;10,424;0,038
08.03.2019 17:00;6,081;9,601
08.03.2019 18:00;5,899;12,689
08.03.2019 19:00;9,05;8,852
08.03.2019 20:00;3,907;8,151
08.03.2019 21:00;4,409;6,877
08.03.2019 22:00;3,731;3,801
08.03.2019 23:00;2,901;4,401
09.03.2019 00:00;11,181;3,351
09.03.2019 01:00;15,476;2,801
09.03.2019 02:00;9,328;2,639
09.03.2019 03:00;1,621;2,627
09.03.2019 04:00;1,639;2,589
09.03.2019 05:00;1,617;2,95
09.03.2019 06:00;1,581;3,014
09.03.2019 07:00;2,039;4,751
09.03.2019 08:00;3,511;3,351
09.03.2019 09:00;3,095;1,363
09.03.2019 10:00;2,531;0,088
09.03.2019 11:00;5,511;0,976
09.03.2019 12:00;4,371;0,726
09.03.2019 13:00;3,237;0
09.03.2019 14:00;2,851;0
09.03.2019 15:00;3,36;0
09.03.2019 16:00;3,944;1,138
09.03.2019 17:00;5,877;1,588
09.03.2019 18:00;3,236;17,713
09.03.2019 19:00;3,234;13,414
09.03.2019 20:00;3,008;17,625
09.03.2019 21:00;3,828;16,301
09.03.2019 22:00;3,215;3,651
09.03.2019 23:00;3,986;4,539
10.03.2019 00:00;2,634;3,064
10.03.2019 01:00;1,677;3,076
10.03.2019 02:00;1,608;3,026
10.03.2019 03:00;1,654;2,588
10.03.2019 04:00;1,587;2,626
10.03.2019 05:00;1,591;2,639
10.03.2019 06:00;1,655;3,263
10.03.2019 07:00;2,071;5,351
10.03.2019 08:00;2,89;2,838
10.03.2019 09:00;4,226;4,488
10.03.2019 10:00;5,38;1,801
10.03.2019 11:00;3,886;1,076
10.03.2019 12:00;2,879;0,239
10.03.2019 13:00;1,984;0,1
10.03.2019 14:00;2,376;0,013
10.03.2019 15:00;3,875;0,05
10.03.2019 16:00;4,202;0,126
10.03.2019 17:00;3,867;0,351
10.03.2019 18:00;4,799;1,963
10.03.2019 19:00;3,799;2,051
10.03.2019 20:00;5,211;4,852
10.03.2019 21:00;5,212;4,663
10.03.2019 22:00;4,362;3,014
10.03.2019 23:00;3,082;2,926
11.03.2019 00:00;1,788;2,501
11.03.2019 01:00;1,656;2,376
11.03.2019 02:00;1,546;2,089
11.03.2019 03:00;1,764;2,138
11.03.2019 04:00;1,674;2,101
11.03.2019 05:00;1,591;2,376
11.03.2019 06:00;1,566;2,788
11.03.2019 07:00;2,075;4,827
11.03.2019 08:00;4,043;2,901
11.03.2019 09:00;4,341;3,763
11.03.2019 10:00;3,254;4,202
11.03.2019 11:00;6,084;6,1
11.03.2019 12:00;5,119;3,352
11.03.2019 13:00;3,331;0,877
11.03.2019 14:00;4,926;0,826
11.03.2019 15:00;6,183;0,163
11.03.2019 16:00;3,943;0,288
11.03.2019 17:00;3,343;0,488
11.03.2019 18:00;3,06;3,176
11.03.2019 19:00;5,876;1,539
11.03.2019 20:00;3,323;4,989
11.03.2019 21:00;4,353;4,764
11.03.2019 22:00;3,816;4,663
11.03.2019 23:00;3,198;5,351
12.03.2019 00:00;2,231;5,164
12.03.2019 01:00;1,618;3,663
12.03.2019 02:00;1,498;3,713
12.03.2019 03:00;1,549;2,414
12.03.2019 04:00;1,449;2,538
12.03.2019 05:00;1,599;2,488
12.03.2019 06:00;1,504;3,039
12.03.2019 07:00;2,086;4,451
12.03.2019 08:00;3,954;2,739
12.03.2019 09:00;5,063;6,351
12.03.2019 10:00;4,773;11,613
12.03.2019 11:00;3,276;10,463
12.03.2019 12:00;2,472;0,063
12.03.2019 13:00;1,651;0,013
12.03.2019 14:00;2,337;0,025
12.03.2019 15:00;1,873;5,239
12.03.2019 16:00;5,15;2,339
12.03.2019 17:00;13,842;9,55
12.03.2019 18:00;14,917;9,252
12.03.2019 19:00;17,088;2,676
12.03.2019 20:00;17,366;5,138
12.03.2019 21:00;18,086;5,351
12.03.2019 22:00;14,283;4,101
12.03.2019 23:00;2,444;4,901
13.03.2019 00:00;2,281;3,551
13.03.2019 01:00;1,883;3,1
13.03.2019 02:00;1,631;2,963
13.03.2019 03:00;1,623;3,014
13.03.2019 04:00;1,556;3,001
13.03.2019 05:00;1,611;2,889
13.03.2019 06:00;2,091;3,626
13.03.2019 07:00;4,001;4,526
13.03.2019 08:00;8,259;3,389
13.03.2019 09:00;4,848;5,089
13.03.2019 10:00;4,104;3,838
13.03.2019 11:00;3,86;1,7
13.03.2019 12:00;4,046;4,739
13.03.2019 13:00;6,456;1,138
13.03.2019 14:00;6,558;1,963
13.03.2019 15:00;5,164;5,713
13.03.2019 16:00;12,465;8,051
13.03.2019 17:00;5,576;16,789
13.03.2019 18:00;5,601;1,713
13.03.2019 19:00;8,937;5,326
13.03.2019 20:00;4,429;3,863
13.03.2019 21:00;5,616;6,539
13.03.2019 22:00;5,453;4,039
13.03.2019 23:00;3,589;4,213
14.03.2019 00:00;3,184;3,676
14.03.2019 01:00;2,445;3,251
14.03.2019 02:00;2,128;2,838
14.03.2019 03:00;2,177;2,913
14.03.2019 04:00;2,198;2,801
14.03.2019 05:00;2,168;3,114
14.03.2019 06:00;2,105;3,189
14.03.2019 07:00;2,749;4,164
14.03.2019 08:00;4,058;3,601
14.03.2019 09:00;8,195;6,026
14.03.2019 10:00;6,362;5,5
14.03.2019 11:00;13,362;5,263
14.03.2019 12:00;16,732;18,901
14.03.2019 13:00;10,087;16,701
14.03.2019 14:00;10,407;3,938
14.03.2019 15:00;10,655;6,601
14.03.2019 16:00;17,6;11,139
14.03.2019 17:00;8,17;12,863
14.03.2019 18:00;4,919;6,464
14.03.2019 19:00;3,471;5,039
14.03.2019 20:00;3,836;4,325
14.03.2019 21:00;4,32;7,276
14.03.2019 22:00;3,364;5,038
14.03.2019 23:00;2,719;5,638
15.03.2019 00:00;1,839;4,388
15.03.2019 01:00;1,744;4,389
15.03.2019 02:00;1,561;4,227
15.03.2019 03:00;1,591;3,739
15.03.2019 04:00;1,528;3,789
15.03.2019 05:00;1,584;3,664
15.03.2019 06:00;1,564;4,139
15.03.2019 07:00;2,034;5,202
15.03.2019 08:00;4,928;4,476
15.03.2019 09:00;5,127;5,102
15.03.2019 10:00;12,606;1,914
15.03.2019 11:00;14,706;1,564
15.03.2019 12:00;9,432;3,063
15.03.2019 13:00;9,229;3,776
15.03.2019 14:00;9,079;0,475
15.03.2019 15:00;11,245;1,538
15.03.2019 16:00;25,045;1,938
15.03.2019 17:00;17,61;11,726
15.03.2019 18:00;22,43;16,9
15.03.2019 19:00;21,059;10,326
15.03.2019 20:00;19,008;5,677
15.03.2019 21:00;19,859;6,476
15.03.2019 22:00;20,014;4,501
15.03.2019 23:00;12,634;5,239
16.03.2019 00:00;2,026;3,925
16.03.2019 01:00;1,796;3,964
16.03.2019 02:00;1,621;3,739
16.03.2019 03:00;1,671;3,663
16.03.2019 04:00;1,701;3,539
16.03.2019 05:00;1,679;4,088
16.03.2019 06:00;1,648;3,876
16.03.2019 07:00;1,849;5,038
16.03.2019 08:00;3,114;4,001
16.03.2019 09:00;7,576;4,713
16.03.2019 10:00;2,745;3,352
16.03.2019 11:00;4,764;16,489
16.03.2019 12:00;2,509;16,976
16.03.2019 13:00;3,119;10,988
16.03.2019 14:00;1,362;8,977
16.03.2019 15:00;2,556;6,264
16.03.2019 16:00;4,285;3,176
16.03.2019 17:00;3,135;5,35
16.03.2019 18:00;2,993;1,763
16.03.2019 19:00;2,397;3,176
16.03.2019 20:00;2,293;4,688
16.03.2019 21:00;3,604;6,114
16.03.2019 22:00;2,864;5,501
16.03.2019 23:00;2,464;4,126
17.03.2019 00:00;2,306;4,226
17.03.2019 01:00;1,741;4,614
17.03.2019 02:00;1,483;3,451
17.03.2019 03:00;1,396;3,501
17.03.2019 04:00;1,433;3,238
17.03.2019 05:00;1,49;3,15
17.03.2019 06:00;1,459;3,426
17.03.2019 07:00;1,968;4,402
17.03.2019 08:00;3,323;3,563
17.03.2019 09:00;2,442;3,326
17.03.2019 10:00;3,57;1,976
17.03.2019 11:00;3,213;1,313
17.03.2019 12:00;2,521;0,501
17.03.2019 13:00;2,402;0,563
17.03.2019 14:00;7,939;0,125
17.03.2019 15:00;5,43;0,738
17.03.2019 16:00;4,785;4,351
17.03.2019 17:00;5,093;3,301
17.03.2019 18:00;4,218;1,876
17.03.2019 19:00;2,749;1,951
17.03.2019 20:00;3,302;4,988
17.03.2019 21:00;3,161;5,689
17.03.2019 22:00;3,041;5,926
17.03.2019 23:00;2,047;5,776
18.03.2019 00:00;1,627;3,701
18.03.2019 01:00;1,512;2,964
18.03.2019 02:00;1,383;2,801
18.03.2019 03:00;1,361;2,714
18.03.2019 04:00;1,503;2,726
18.03.2019 05:00;1,398;3,001
18.03.2019 06:00;1,391;3,026
18.03.2019 07:00;1,856;4,339
18.03.2019 08:00;5,189;3,201
18.03.2019 09:00;2,653;1,964
18.03.2019 10:00;5,614;4,813
18.03.2019 11:00;6,075;8,1
18.03.2019 12:00;4,143;3,089
18.03.2019 13:00;7,037;0,063
18.03.2019 14:00;5,859;0,013
18.03.2019 15:00;6,672;0,401
18.03.2019 16:00;8,119;0,138
18.03.2019 17:00;5,751;0,751
18.03.2019 18:00;6,421;3,614
18.03.2019 19:00;5,382;13,813
18.03.2019 20:00;5,406;9,538
18.03.2019 21:00;6,144;7,151
18.03.2019 22:00;5,206;5,077
18.03.2019 23:00;2,849;5,001
19.03.2019 00:00;4,108;4,164
19.03.2019 01:00;2,132;3,85
19.03.2019 02:00;2,081;3,463
19.03.2019 03:00;2,113;3,514
19.03.2019 04:00;2,078;3,513
19.03.2019 05:00;2,156;3,476
19.03.2019 06:00;2,051;3,513
19.03.2019 07:00;2,325;4,95
19.03.2019 08:00;6,536;4,101
19.03.2019 09:00;4,097;0,488
19.03.2019 10:00;7,384;0,175
19.03.2019 11:00;7,113;0,013
19.03.2019 12:00;9,579;1,113
19.03.2019 13:00;9,109;0,038
19.03.2019 14:00;9,948;0,013
19.03.2019 15:00;7,879;0,025
19.03.2019 16:00;9,104;0,075
19.03.2019 17:00;8,979;0
19.03.2019 18:00;7,441;0,351
19.03.2019 19:00;7,094;5,176
19.03.2019 20:00;10,554;17,201
19.03.2019 21:00;4,957;17,713
19.03.2019 22:00;5,043;4,951
19.03.2019 23:00;3,381;4,789
20.03.2019 00:00;2,208;4,176
20.03.2019 01:00;2,056;3,713
20.03.2019 02:00;1,795;2,988
20.03.2019 03:00;1,836;2,713
20.03.2019 04:00;1,803;2,938
20.03.2019 05:00;1,798;2,863
20.03.2019 06:00;1,826;0
20.03.2019 07:00;2,356;0
20.03.2019 08:00;4,602;0
20.03.2019 09:00;3,848;0
20.03.2019 10:00;10,449;0
20.03.2019 11:00;12,404;0
20.03.2019 12:00;8,85;0
20.03.2019 13:00;5,623;0
20.03.2019 14:00;3,309;0
20.03.2019 15:00;3,714;0
20.03.2019 16:00;3,944;0
20.03.2019 17:00;4,485;0
20.03.2019 18:00;5,384;0
20.03.2019 19:00;3,945;0
20.03.2019 20:00;5,814;0
20.03.2019 21:00;4,221;0
20.03.2019 22:00;4,046;0
20.03.2019 23:00;3,281;0
21.03.2019 00:00;2,321;0
21.03.2019 01:00;1,886;0
21.03.2019 02:00;1,836;3,476
21.03.2019 03:00;1,777;3,276
21.03.2019 04:00;1,798;3,213
21.03.2019 05:00;1,811;3,689
21.03.2019 06:00;1,796;3,338
21.03.2019 07:00;2,348;5,026
21.03.2019 08:00;4,737;4,289
21.03.2019 09:00;4,411;1,726
21.03.2019 10:00;5,009;0
21.03.2019 11:00;7,86;0,013
21.03.2019 12:00;8,873;0
21.03.2019 13:00;8,483;0
21.03.2019 14:00;7,846;0
21.03.2019 15:00;9,226;0
21.03.2019 16:00;10,844;0
21.03.2019 17:00;10,716;1,713
21.03.2019 18:00;6,753;8,414
21.03.2019 19:00;3,721;2,639
21.03.2019 20:00;5,138;5,063
21.03.2019 21:00;6,186;6,014
21.03.2019 22:00;4,93;4,276
21.03.2019 23:00;3,536;4,777
22.03.2019 00:00;2,181;4,026
22.03.2019 01:00;1,945;3,501
22.03.2019 02:00;1,798;3,363
22.03.2019 03:00;1,803;3,351
22.03.2019 04:00;1,746;3,364
22.03.2019 05:00;1,876;3,352
22.03.2019 06:00;1,77;3,5
22.03.2019 07:00;2,289;5,038
22.03.2019 08:00;4,527;3,513
22.03.2019 09:00;3,368;1,013
22.03.2019 10:00;4,983;0,188
22.03.2019 11:00;6,401;0
22.03.2019 12:00;15,615;0
22.03.2019 13:00;21,196;0
22.03.2019 14:00;20,959;0
22.03.2019 15:00;22,896;0
22.03.2019 16:00;24,06;0
22.03.2019 17:00;21,889;0
22.03.2019 18:00;22,081;0,788
22.03.2019 19:00;18,988;2,363
22.03.2019 20:00;18,886;5,288
22.03.2019 21:00;13,816;4,95
22.03.2019 22:00;4,373;5,164
22.03.2019 23:00;3,626;3,864
23.03.2019 00:00;2,444;3,776
23.03.2019 01:00;1,836;3,502
23.03.2019 02:00;1,892;3,213
23.03.2019 03:00;1,871;3,189
23.03.2019 04:00;1,606;3,114
23.03.2019 05:00;1,673;3,388
23.03.2019 06:00;1,681;3,514
23.03.2019 07:00;2,151;5,527
23.03.2019 08:00;4,184;4,451
23.03.2019 09:00;3,463;4,5
23.03.2019 10:00;10,718;3,339
23.03.2019 11:00;24,079;11,714
23.03.2019 12:00;9,346;14,614
23.03.2019 13:00;10,966;4,351
23.03.2019 14:00;5,755;0,075
23.03.2019 15:00;3,613;0
23.03.2019 16:00;4,345;0,063
23.03.2019 17:00;3,889;1,863
23.03.2019 18:00;4,121;2,388
23.03.2019 19:00;4,119;4,188
23.03.2019 20:00;5,581;4,639
23.03.2019 21:00;4,529;5,677
23.03.2019 22:00;4,356;4,001
23.03.2019 23:00;3,017;4,138
24.03.2019 00:00;2,032;4,314
24.03.2019 01:00;2,022;3,713
24.03.2019 02:00;1,938;3,438
24.03.2019 03:00;1,744;3,763
24.03.2019 04:00;1,528;3,776
24.03.2019 05:00;1,538;3,526
24.03.2019 06:00;1,601;4,039
24.03.2019 07:00;1,773;6,001
24.03.2019 08:00;3,201;3,738
24.03.2019 09:00;15,102;0,25
24.03.2019 10:00;15,455;0,175
24.03.2019 11:00;5,849;0,601
24.03.2019 12:00;8,476;0,013
24.03.2019 13:00;7,187;0,013
24.03.2019 14:00;5,198;0
24.03.2019 15:00;5,785;0
24.03.2019 16:00;9,376;0
24.03.2019 17:00;7,423;0
24.03.2019 18:00;5,921;0
24.03.2019 19:00;3,541;1,451
24.03.2019 20:00;3,473;3,264
24.03.2019 21:00;6,039;6,351
24.03.2019 22:00;4,876;3,9
24.03.2019 23:00;3,316;3,851
25.03.2019 00:00;1,947;5,013
25.03.2019 01:00;1,768;3,639
25.03.2019 02:00;1,711;3,239
25.03.2019 03:00;1,701;3
25.03.2019 04:00;1,704;2,876
25.03.2019 05:00;1,756;3,138
25.03.2019 06:00;1,701;3,25
25.03.2019 07:00;2,263;5,825
25.03.2019 08:00;4,342;3,738
25.03.2019 09:00;3,456;1,926
25.03.2019 10:00;12,034;0,576
25.03.2019 11:00;11,688;12,413
25.03.2019 12:00;6,632;4,401
25.03.2019 13:00;11,344;5,726
25.03.2019 14:00;7,929;0,613
25.03.2019 15:00;10,356;0,425
25.03.2019 16:00;9,788;0,714
25.03.2019 17:00;5,063;8,888
25.03.2019 18:00;5,193;4,451
25.03.2019 19:00;14,091;1,951
25.03.2019 20:00;5,608;7,064
25.03.2019 21:00;6,169;12,788
25.03.2019 22:00;5,648;8,064
25.03.2019 23:00;3,364;4,413
26.03.2019 00:00;2,574;3,263
26.03.2019 01:00;3,718;3,064
26.03.2019 02:00;2,381;2,864
26.03.2019 03:00;1,783;2,727
26.03.2019 04:00;1,888;2,914
26.03.2019 05:00;1,963;2,889
26.03.2019 06:00;1,899;3,363
26.03.2019 07:00;3,636;5,813
26.03.2019 08:00;9,127;3,775
26.03.2019 09:00;17,741;3,164
26.03.2019 10:00;17,39;0,476
26.03.2019 11:00;10,818;0,438
26.03.2019 12:00;5,489;0,951
26.03.2019 13:00;5,694;0,226
26.03.2019 14:00;4,575;0,125
26.03.2019 15:00;8,864;0,826
26.03.2019 16:00;14,065;0,288
26.03.2019 17:00;13,514;1,901
26.03.2019 18:00;13,755;11,838
26.03.2019 19:00;12,302;7,438
26.03.2019 20:00;3,684;3,876
26.03.2019 21:00;4,574;6,051
26.03.2019 22:00;4,421;4,226
26.03.2019 23:00;2,953;4,676
27.03.2019 00:00;1,898;3,164
27.03.2019 01:00;1,697;3,063
27.03.2019 02:00;1,599;2,851
27.03.2019 03:00;1,633;2,839
27.03.2019 04:00;1,531;2,938
27.03.2019 05:00;1,571;2,851
27.03.2019 06:00;1,665;3,301
27.03.2019 07:00;2,135;5,414
27.03.2019 08:00;13,377;4,125
27.03.2019 09:00;12,225;8,038
27.03.2019 10:00;13,183;4,638
27.03.2019 11:00;13,245;0
27.03.2019 12:00;14,064;0
27.03.2019 13:00;13,175;0,6
27.03.2019 14:00;11,936;0
27.03.2019 15:00;15,651;0
27.03.2019 16:00;17,233;0
27.03.2019 17:00;9,235;0,038
27.03.2019 18:00;6,809;8,838
27.03.2019 19:00;14,8;15,026
27.03.2019 20:00;3,464;4,727
27.03.2019 21:00;7,004;6,401
27.03.2019 22:00;7,091;5,113
27.03.2019 23:00;3,038;5,251
28.03.2019 00:00;2,078;3,389
28.03.2019 01:00;2,13;3,351
28.03.2019 02:00;1,831;3,389
28.03.2019 03:00;1,868;3,264
28.03.2019 04:00;1,776;3,276
28.03.2019 05:00;1,788;3,413
28.03.2019 06:00;1,807;3,35
28.03.2019 07:00;2,391;5,363
28.03.2019 08:00;4,206;5,063
28.03.2019 09:00;5,579;1,889
28.03.2019 10:00;12,35;1,025
28.03.2019 11:00;7,581;0,538
28.03.2019 12:00;5,761;0
28.03.2019 13:00;9,368;0
28.03.2019 14:00;3,043;0
28.03.2019 15:00;4,512;0
28.03.2019 16:00;7,913;0,15
28.03.2019 17:00;9,148;8,727
28.03.2019 18:00;13,2;14,913
28.03.2019 19:00;13,19;9,176
28.03.2019 20:00;13,202;4,939
28.03.2019 21:00;19,08;6,426
28.03.2019 22:00;19,064;4,3
28.03.2019 23:00;15,78;4,726
29.03.2019 00:00;2,723;3,364
29.03.2019 01:00;1,974;3,114
29.03.2019 02:00;1,894;2,876
29.03.2019 03:00;1,744;2,638
29.03.2019 04:00;1,678;2,813
29.03.2019 05:00;1,627;2,776
29.03.2019 06:00;1,776;2,964
29.03.2019 07:00;2,236;5,175
29.03.2019 08:00;3,967;1,251
29.03.2019 09:00;3,381;0
29.03.2019 10:00;15,339;0
29.03.2019 11:00;19,966;0
29.03.2019 12:00;28,177;0
29.03.2019 13:00;13,476;0
29.03.2019 14:00;22,843;0
29.03.2019 15:00;23,884;0
29.03.2019 16:00;23,762;0
29.03.2019 17:00;27,675;0
29.03.2019 18:00;27,618;0,363
29.03.2019 19:00;18,998;7,763
29.03.2019 20:00;4,467;12,126
29.03.2019 21:00;4,669;14,864
29.03.2019 22:00;3,101;14,313
29.03.2019 23:00;2,251;14,551
30.03.2019 00:00;1,948;4,301
30.03.2019 01:00;1,713;3,389
30.03.2019 02:00;1,583;3,188
30.03.2019 03:00;1,645;2,814
30.03.2019 04:00;1,691;2,739
30.03.2019 05:00;1,634;3,001
30.03.2019 06:00;1,626;3,001
30.03.2019 07:00;2,157;5,213
30.03.2019 08:00;3,579;1,688
30.03.2019 09:00;4,118;0
30.03.2019 10:00;3,367;0
30.03.2019 11:00;8,89;0
30.03.2019 12:00;8,123;0
30.03.2019 13:00;7,386;0
30.03.2019 14:00;7,943;0
30.03.2019 15:00;7,606;0,051
30.03.2019 16:00;6,048;0
30.03.2019 17:00;6,456;0,076
30.03.2019 18:00;4,796;0,05
30.03.2019 19:00;3,766;4,9
30.03.2019 20:00;4,331;11,026
30.03.2019 21:00;3,904;8,364
30.03.2019 22:00;4,161;5,176
30.03.2019 23:00;3,061;4,413
31.03.2019 00:00;2,971;5,251
31.03.2019 01:00;1,955;3,388
31.03.2019 03:00;1,851;3,101
31.03.2019 04:00;1,386;2,126
31.03.2019 05:00;0,433;0,75
31.03.2019 06:00;1,725;2,801
31.03.2019 07:00;1,649;3,238
31.03.2019 08:00;2,229;4,988
31.03.2019 09:00;3,359;3,763
31.03.2019 10:00;2,364;4,364
31.03.2019 11:00;4,149;0,276
31.03.2019 12:00;4,821;0
31.03.2019 13:00;3,751;0
31.03.2019 14:00;1,78;0
31.03.2019 15:00;1,556;0
31.03.2019 16:00;2,355;0
31.03.2019 17:00;3,889;0
31.03.2019 18:00;3,774;0
31.03.2019 19:00;5,046;0
31.03.2019 20:00;4,151;0
31.03.2019 21:00;3,032;2,739
31.03.2019 22:00;4,447;10,876
31.03.2019 23:00;4,639;7,363
01.04.2019 00:00;2,25;5,539
01.04.2019 01:00;1,954;3,976
01.04.2019 02:00;1,799;3,351
01.04.2019 03:00;1,761;3,151
01.04.2019 04:00;1,634;3,438
01.04.2019 05:00;1,594;3,526
01.04.2019 06:00;1,633;3,813
01.04.2019 07:00;1,678;3,564
01.04.2019 08:00;2,229;5,314
01.04.2019 09:00;3,998;4,877
01.04.2019 10:00;6,088;1,825
01.04.2019 11:00;6,881;0
01.04.2019 12:00;4,872;0
01.04.2019 13:00;18,754;0
01.04.2019 14:00;24,443;0
01.04.2019 15:00;22,261;0
01.04.2019 16:00;22,78;0
01.04.2019 17:00;24,465;0
01.04.2019 18:00;17,63;0
01.04.2019 19:00;7,402;0
01.04.2019 20:00;7,836;0
01.04.2019 21:00;7,596;0,426
01.04.2019 22:00;6,226;3,552
01.04.2019 23:00;4,077;4,875
02.04.2019 00:00;3,318;4,875
02.04.2019 01:00;2,916;4,363
02.04.2019 02:00;4,189;3,413
02.04.2019 03:00;2,442;2,888
02.04.2019 04:00;1,956;3,051
02.04.2019 05:00;1,916;3,088
02.04.2019 06:00;1,91;3,039
02.04.2019 07:00;2,018;3,076
02.04.2019 08:00;2,514;2,939
02.04.2019 09:00;6,902;3,388
02.04.2019 10:00;5,908;0,863
02.04.2019 11:00;5,561;0,288
02.04.2019 12:00;5,152;1,351
02.04.2019 13:00;6,811;0,375
02.04.2019 14:00;8,892;0
02.04.2019 15:00;6,001;0
02.04.2019 16:00;3,703;0
02.04.2019 17:00;7,895;0
02.04.2019 18:00;9,49;0,038
02.04.2019 19:00;5,012;0,025
02.04.2019 20:00;5,931;0,201
02.04.2019 21:00;3,271;0,564
02.04.2019 22:00;14,472;7,438
02.04.2019 23:00;17,526;4,825
03.04.2019 00:00;15,83;5,088
03.04.2019 01:00;2,441;3,464
03.04.2019 02:00;1,849;3,038
03.04.2019 03:00;1,812;2,851
03.04.2019 04:00;1,756;2,864
03.04.2019 05:00;1,726;0,713
03.04.2019 06:00;1,739;0
03.04.2019 07:00;1,796;0
03.04.2019 08:00;2,448;0
03.04.2019 09:00;7,966;0
03.04.2019 10:00;4,44;0
03.04.2019 11:00;2,545;0
03.04.2019 12:00;3,624;0
03.04.2019 13:00;3,12;0
03.04.2019 14:00;3,284;0
03.04.2019 15:00;2,247;0
03.04.2019 16:00;3,281;0
03.04.2019 17:00;4,636;0
03.04.2019 18:00;4,114;0
03.04.2019 19:00;4,494;0
03.04.2019 20:00;3,19;0
03.04.2019 21:00;3,567;0
03.04.2019 22:00;5,454;0
03.04.2019 23:00;5,426;0
04.04.2019 00:00;2,744;0
04.04.2019 01:00;1,899;0
04.04.2019 02:00;1,72;0
04.04.2019 03:00;1,671;3,588
04.04.2019 04:00;1,632;3,351
04.04.2019 05:00;1,606;3,551
04.04.2019 06:00;1,656;3,776
04.04.2019 07:00;1,691;3,913
04.04.2019 08:00;2,384;5,888
04.04.2019 09:00;7,516;4,638
04.04.2019 10:00;3,587;5,101
04.04.2019 11:00;3,337;2,826
04.04.2019 12:00;3,872;11,926
04.04.2019 13:00;3,484;7,176
04.04.2019 14:00;4,522;3,052
04.04.2019 15:00;2,636;0,076
04.04.2019 16:00;2,809;0,05
04.04.2019 17:00;3,682;3,326
04.04.2019 18:00;3,173;4,514
04.04.2019 19:00;3,362;5,989
04.04.2019 20:00;2,921;5,051
04.04.2019 21:00;3,734;15,838
04.04.2019 22:00;4,157;16,851
04.04.2019 23:00;3,915;7,839
05.04.2019 00:00;2,418;5,726
05.04.2019 01:00;1,907;5,113
05.04.2019 02:00;2,039;4,602
05.04.2019 03:00;1,819;4,576
05.04.2019 04:00;1,648;4,376
05.04.2019 05:00;1,601;4,426
05.04.2019 06:00;1,743;4,401
05.04.2019 07:00;1,81;4,514
05.04.2019 08:00;2,286;6,85
05.04.2019 09:00;5,269;5,35
05.04.2019 10:00;5,219;5,751
05.04.2019 11:00;5,184;1,951
05.04.2019 12:00;4,648;7,838
05.04.2019 13:00;8,81;7,939
05.04.2019 14:00;20,002;12,388
05.04.2019 15:00;17,729;1,038
05.04.2019 16:00;19,917;0,025
05.04.2019 17:00;21,074;1,251
05.04.2019 18:00;23,208;9,114
05.04.2019 19:00;18,324;13,713
05.04.2019 20:00;6,634;2,452
05.04.2019 21:00;3,677;5,501
05.04.2019 22:00;4,748;7,502
05.04.2019 23:00;3,691;5,913
06.04.2019 00:00;2,196;5,989
06.04.2019 01:00;1,928;5,188
06.04.2019 02:00;1,946;4,513
06.04.2019 03:00;1,761;4,126
06.04.2019 04:00;1,655;3,051
06.04.2019 05:00;1,701;2,775
06.04.2019 06:00;1,719;2,914
06.04.2019 07:00;1,674;3,176
06.04.2019 08:00;13,931;5,214
06.04.2019 09:00;19,026;3,051
06.04.2019 10:00;17,368;2,225
06.04.2019 11:00;15,975;0,201
06.04.2019 12:00;17,829;8,676
06.04.2019 13:00;18,521;3,501
06.04.2019 14:00;19,096;0
06.04.2019 15:00;18,56;0
06.04.2019 16:00;19,469;0
06.04.2019 17:00;31,767;0
06.04.2019 18:00;19,578;0
06.04.2019 19:00;19,397;0
06.04.2019 20:00;13,461;2,113
06.04.2019 21:00;3,842;4,289
06.04.2019 22:00;4,049;5,451
06.04.2019 23:00;3,364;5,939
07.04.2019 00:00;3,306;5,376
07.04.2019 01:00;2,17;4,239
07.04.2019 02:00;1,973;4,076
07.04.2019 03:00;1,93;3,963
07.04.2019 04:00;1,931;4
07.04.2019 05:00;1,861;3,788
07.04.2019 06:00;1,798;3,714
07.04.2019 07:00;1,719;3,975
07.04.2019 08:00;2,289;5,188
07.04.2019 09:00;3,946;4,014
07.04.2019 10:00;3,021;2,313
07.04.2019 11:00;3,653;0
07.04.2019 12:00;5,554;0
07.04.2019 13:00;6,161;0
07.04.2019 14:00;6,41;0
07.04.2019 15:00;6,983;0
07.04.2019 16:00;9,21;0
07.04.2019 17:00;9,59;0
07.04.2019 18:00;7,441;0
07.04.2019 19:00;5,243;0
07.04.2019 20:00;5,409;0,025
07.04.2019 21:00;4,636;0,801
07.04.2019 22:00;5,822;5,126
07.04.2019 23:00;4,652;5,801
08.04.2019 00:00;2,553;5,701
08.04.2019 01:00;2,282;4,363
08.04.2019 02:00;2,029;4,163
08.04.2019 03:00;;
08.04.2019 04:00;;
08.04.2019 05:00;;
08.04.2019 06:00;;
08.04.2019 07:00;;
